id,weight,payoutMultiplier
1,32,0
2,1,2.4
3,33,0.91
4,32,0
5,33,0.18
6,32,0.36
7,33,0
8,32,0.8
9,33,0.68
10,32,0
11,33,0.19
12,32,0
13,33,0.11
14,32,0
15,33,0
16,32,0
17,33,0
18,32,0.54
19,33,0
20,32,0.64
21,33,0
22,32,0
23,1,2.8
24,33,0
25,32,0
26,33,0
27,1,625.05
28,32,0
29,33,0.1
30,32,0
31,33,0
32,32,0
33,1,59.87
34,33,0.53
35,1,2.6
36,1,2.28
37,32,0
38,33,0
39,32,0
40,33,0.2
41,32,0
42,1,2.66
43,33,0.1
44,32,0
45,33,0
46,32,0
47,33,0.16
48,32,0
49,1,4.48
50,33,0
51,32,0
52,33,0
53,33,0
54,32,0.6
55,33,0.72
56,32,0.18
57,1,3.2
58,1,2.4
59,33,0
60,32,0
61,33,0
62,32,0.48
63,33,0.26
64,32,0
65,33,0.12
66,1,4.61
67,32,0
68,33,0.17
69,32,0
70,33,0.5
71,32,0
72,33,0
73,32,0
74,1,1.12
75,33,0.91
76,1,5.96
77,1,991.78
78,1,1
79,32,0
80,1,1.12
81,33,0.08
82,32,0
83,33,0
84,32,0.8
85,33,0.16
86,32,0
87,33,0.09
88,32,0.16
89,33,0.74
90,1,2
91,32,0
92,33,0.14
93,32,0
94,1,157.85
95,33,0
96,1,3.36
97,32,0
98,33,0.22
99,32,0
100,1,1.4
101,33,0
102,32,0.84
103,1,2.31
104,33,0
105,32,0
106,33,0
107,32,0.42
108,33,0
109,33,0.08
110,32,0.62
111,33,0.4
112,32,0
113,33,0
114,32,0
115,33,0.8
116,32,0
117,33,0.59
118,32,0.96
119,33,0
120,1,1.12
121,1,2.23
122,32,0.16
123,33,0.56
124,32,0.89
125,1,411.44
126,33,0.41
127,32,0.21
128,33,0.18
129,32,0.22
130,33,0
131,1,1.36
132,1,149.59
133,32,0
134,33,0.32
135,32,0.08
136,33,0
137,1,1.92
138,32,0
139,33,0
140,32,0.16
141,33,0
142,32,0.26
143,33,0
144,32,0.1
145,33,0
146,1,202.76
147,32,0
148,33,0
149,1,2.15
150,1,1.12
151,32,0
152,33,0.1
153,1,599.42
154,32,0
155,1,2
156,33,0.32
157,32,0
158,1,4.24
159,1,1.44
160,33,0
161,32,0
162,1,1.92
163,1,2.56
164,33,0
165,32,0.18
166,33,0.22
167,1,2.22
168,32,0.18
169,1,1.68
170,1,61.14
171,33,0
172,33,0.13
173,32,0
174,33,0
175,32,0
176,33,0.18
177,32,0
178,33,0.36
179,32,0.39
180,33,0
181,32,0.18
182,1,1.28
183,33,0
184,32,0
185,33,0
186,32,0
187,33,0
188,1,1.1
189,32,0
190,33,0.21
191,32,0.22
192,33,0
193,32,0.09
194,33,0.44
195,1,1.16
196,32,0
197,33,0
198,32,0.8
199,33,0
200,32,0.48
201,33,0
202,32,0
203,33,0
204,32,0.31
205,1,1.3
206,33,0
207,32,0.39
208,33,0
209,32,0
210,33,0
211,32,0
212,1,2.88
213,33,0.41
214,32,0
215,33,0.11
216,1,1.01
217,32,0
218,33,0
219,32,0.06
220,1,344.8
221,33,0
222,1,528.95
223,33,0.3
224,32,0.16
225,33,0.36
226,32,0
227,1,1411.76
228,33,0
229,32,0
230,33,0.83
231,32,0
232,1,1.12
233,33,0.1
234,1,3
235,32,0
236,1,1.9
237,33,0
238,32,0
239,33,0
240,32,0
241,33,0
242,32,0.35
243,33,0
244,32,0
245,33,0
246,1,592.62
247,32,0
248,33,0
249,32,0
250,33,0.29
251,32,0
252,33,0.4
253,32,0
254,1,79.44
255,33,0
256,32,0
257,1,2.24
258,33,0
259,32,0.11
260,33,0
261,1,292.65
262,32,0
263,33,0
264,32,0
265,33,0.2
266,1,14.2
267,32,0
268,33,0.8
269,32,0
270,33,0
271,32,0.08
272,33,0.26
273,32,0.18
274,33,0.06
275,33,0.06
276,32,0
277,33,0
278,1,1.28
279,32,0
280,1,86.73
281,33,0.8
282,32,0.08
283,33,0
284,1,0.98
285,1,2.09
286,32,0.08
287,1,148.36
288,1,1168.99
289,1,413.9
290,33,0
291,32,0.48
292,1,1327.13
293,33,0.64
294,32,0
295,33,0
296,32,0
297,1,2.4
298,33,0
299,32,0
300,33,0
301,1,1.06
302,32,0
303,1,287.18
304,33,0.26
305,32,0
306,1,531.88
307,33,0
308,32,0.08
309,33,0
310,1,8.61
311,32,0
312,33,0
313,32,0
314,33,0
315,1,131.81
316,1,52.79
317,32,0
318,33,0.72
319,32,0
320,33,0.96
321,32,0.6
322,33,0
323,32,0.4
324,1,645.53
325,1,2.56
326,33,0
327,32,0
328,1,656
329,33,0
330,32,0
331,1,142.54
332,33,0.24
333,32,0.1
334,1,77.49
335,33,0
336,32,0
337,33,0
338,32,0.18
339,33,0.08
340,33,0.24
341,1,1.44
342,32,0
343,33,0.14
344,1,1.92
345,1,1.16
346,32,0
347,33,0
348,32,0
349,33,0.18
350,32,0.13
351,33,0.26
352,32,0.6
353,33,0
354,32,0
355,33,0
356,32,0
357,33,0
358,32,0.74
359,33,0
360,32,0
361,33,0.46
362,32,0
363,33,0
364,32,0
365,33,0
366,1,3.52
367,1,1.24
368,32,0.3
369,33,0.2
370,32,0.12
371,33,0.06
372,1,139.35
373,32,0
374,33,0.4
375,32,0
376,33,0
377,1,1.2
378,1,12
379,32,0
380,33,0
381,32,0.3
382,33,0
383,1,6.5
384,1,66.72
385,32,0.22
386,33,0.2
387,32,0
388,33,0
389,32,0
390,1,150.79
391,33,0
392,32,0
393,1,1.25
394,33,0.86
395,33,0.46
396,32,0.56
397,33,0
398,32,0
399,33,0
400,32,0.9
401,1,2.08
402,33,0.3
403,32,0
404,33,0
405,32,0
406,1,623.77
407,33,0
408,32,0
409,33,0.22
410,32,0
411,33,0.25
412,32,0
413,33,0.13
414,32,0
415,33,0.16
416,32,0.24
417,33,0
418,1,2.4
419,32,0
420,33,0
421,1,1.28
422,32,0.1
423,33,0
424,32,0.08
425,33,0
426,32,0
427,33,0
428,32,0.09
429,33,0
430,32,0
431,1,1.18
432,33,0.12
433,32,0
434,1,86.09
435,1,1.96
436,33,0
437,32,0
438,33,0
439,1,1.42
440,32,0
441,33,0.06
442,32,0.2
443,33,0.28
444,32,0.32
445,33,0
446,1,2.72
447,33,0.8
448,32,0.11
449,33,0.17
450,32,0
451,33,0
452,32,0
453,33,0.44
454,32,0
455,33,0
456,32,0.2
457,33,0.34
458,32,0.56
459,33,0
460,32,0
461,33,0
462,32,0
463,1,304.81
464,1,1
465,33,0.36
466,32,0.38
467,33,0.56
468,32,0
469,1,1.19
470,33,0.91
471,32,0
472,33,0.08
473,32,0
474,33,0.8
475,32,0
476,1,6.17
477,33,0
478,32,0.84
479,33,0.53
480,32,0
481,1,1.36
482,33,0
483,32,0
484,33,0.08
485,1,249.77
486,1,85.62
487,32,0
488,33,0
489,32,0
490,33,0.19
491,32,0
492,1,1.29
493,33,0
494,32,0.2
495,33,0.62
496,1,2.23
497,32,0
498,1,43.52
499,33,0.56
500,32,0
501,33,0
502,33,0
503,1,412.71
504,32,0.11
505,33,0.5
506,32,0
507,33,0.38
508,32,0
509,1,1.6
510,33,0
511,1,1.12
512,32,0
513,1,5.76
514,33,0.14
515,1,7.12
516,32,0
517,33,0
518,32,0
519,33,0
520,1,1.26
521,32,0.16
522,33,0
523,32,0.18
524,33,0
525,32,0.2
526,1,62.85
527,33,0.32
528,32,0.16
529,33,0
530,1,2
531,32,0
532,33,0
533,1,3
534,32,0.34
535,33,0
536,32,0
537,33,0.29
538,32,0.08
539,33,0
540,1,2
541,1,1.6
542,1,3.68
543,32,0.1
544,33,0
545,32,0.8
546,33,0
547,32,0.4
548,33,0
549,32,0
550,33,0
551,32,0.36
552,33,0.14
553,32,0
554,33,0
555,32,0.22
556,1,85.12
557,33,0
558,33,0.06
559,1,1.2
560,32,0.3
561,33,0.4
562,32,0.8
563,33,0
564,32,0
565,1,1.2
566,33,0
567,32,0
568,33,0
569,32,0
570,33,0
571,1,1.8
572,32,0
573,33,0
574,1,143.19
575,32,0
576,33,0.61
577,32,0.29
578,33,0
579,1,0.98
580,32,0.12
581,1,70.08
582,33,0.1
583,32,0.1
584,33,0
585,32,0.36
586,33,0.79
587,1,635.46
588,32,0
589,33,0
590,32,0.18
591,1,1.6
592,33,0
593,32,0
594,33,0
595,32,0
596,33,0
597,1,439.53
598,1,2.4
599,32,0
600,33,0.17
601,32,0.24
602,1,126.47
603,33,0.16
604,32,0
605,33,0
606,32,0
607,33,0
608,32,0
609,33,0.26
610,32,0.18
611,33,0
612,32,0
613,33,0
614,33,0
615,32,0
616,33,0
617,32,0.53
618,33,0.07
619,1,2.31
620,32,0
621,33,0.07
622,32,0.24
623,33,0
624,32,0
625,33,0
626,1,1.12
627,32,0
628,33,0.33
629,1,105.34
630,32,0
631,33,0.26
632,32,0
633,1,277.41
634,33,0
635,32,0
636,1,2.24
637,33,0.4
638,1,199.3
639,1,260.99
640,32,0
641,33,0
642,32,0
643,33,0
644,1,1.12
645,1,2.58
646,32,0.1
647,33,0.48
648,32,0
649,1,45.99
650,33,0
651,32,0
652,33,0
653,1,87.35
654,32,0.08
655,33,0
656,32,0
657,33,0.8
658,32,0
659,33,0
660,1,74.46
661,32,0
662,33,0.4
663,32,0
664,33,0
665,32,0.59
666,33,0
667,1,714.17
668,32,0
669,33,0
670,1,2.4
671,33,0
672,32,0
673,33,0
674,32,0
675,33,0.21
676,1,1.76
677,32,0
678,33,0.6
679,32,0.4
680,33,0
681,1,1.12
682,32,0.77
683,33,0.8
684,32,0
685,33,0
686,32,0
687,33,0
688,32,0.42
689,33,0
690,1,1.6
691,32,0
692,33,0.76
693,32,0
694,33,0.6
695,32,0.69
696,1,389.16
697,1,1.4
698,33,0
699,32,0.19
700,33,0
701,32,0
702,33,0
703,32,0.48
704,33,0
705,32,0.19
706,33,0
707,32,0
708,1,59.63
709,33,0
710,32,0.14
711,33,0.14
712,32,0.07
713,33,0
714,32,0
715,33,0.3
716,32,0.17
717,33,0.25
718,32,0
719,1,3.94
720,33,0
721,1,1.28
722,33,0
723,32,0
724,33,0
725,32,0
726,33,0.18
727,32,0
728,33,0.16
729,32,0
730,33,0
731,32,0.09
732,33,0.19
733,1,6.26
734,32,0.22
735,33,0
736,1,192.38
737,1,26.93
738,32,0.26
739,33,0
740,32,0
741,33,0
742,32,0
743,1,4.62
744,1,1.92
745,33,0.48
746,32,0
747,1,11.72
748,1,2
749,33,0.16
750,32,0.84
751,33,0
752,32,0
753,33,0.58
754,32,0.82
755,33,0.36
756,32,0
757,33,0
758,32,0.64
759,1,1.28
760,1,90.4
761,33,0
762,32,0.07
763,33,0
764,32,0.56
765,33,0.25
766,32,0.16
767,33,0
768,1,36.54
769,1,371.6
770,32,0.43
771,33,0
772,1,2.56
773,32,0
774,33,0
775,1,2.4
776,32,0
777,33,0
778,32,0
779,1,3
780,33,0
781,1,6.76
782,1,61.71
783,33,0.96
784,32,0
785,33,0
786,32,0
787,33,0.08
788,32,0.24
789,33,0
790,1,1
791,32,0
792,33,0.25
793,32,0
794,33,0.4
795,32,0
796,33,0
797,32,0
798,33,0
799,1,30.71
800,1,3.96
801,32,0
802,33,0.16
803,32,0
804,33,0
805,32,0.4
806,1,36.4
807,33,0
808,32,0.08
809,33,0
810,32,0
811,1,96.16
812,1,2.36
813,33,0
814,32,0
815,33,0.36
816,32,0
817,1,1.69
818,33,0.08
819,32,0
820,33,0
821,32,0
822,33,0
823,32,0
824,1,1.76
825,33,0.96
826,1,497.05
827,32,0.4
828,33,0
829,32,0
830,33,0.08
831,32,0
832,33,0.36
833,32,0
834,1,1.2
835,33,0
836,1,3.12
837,33,0.8
838,1,5.5
839,1,2.89
840,1,1.32
841,32,0.22
842,33,0.96
843,1,240.57
844,32,0
845,33,0.29
846,32,0.14
847,33,0.32
848,32,0
849,33,0.2
850,1,4.94
851,1,1
852,32,0
853,1,297.61
854,33,0
855,32,0
856,33,0
857,32,0
858,1,5.12
859,33,0.12
860,1,5.79
861,1,1.82
862,1,43.63
863,32,0
864,33,0
865,32,0
866,33,0.86
867,32,0
868,33,0
869,32,0.28
870,33,0
871,32,0
872,33,0
873,32,0.8
874,33,0.08
875,32,0
876,1,1.2
877,33,0.8
878,32,0
879,1,1.25
880,33,0.36
881,32,0
882,1,8.96
883,1,3.2
884,33,0
885,32,0.88
886,33,0
887,32,0
888,1,1.4
889,33,0
890,32,0
891,33,0
892,32,0
893,33,0.26
894,32,0
895,33,0.07
896,1,1274.71
897,33,0
898,32,0.8
899,33,0.16
900,32,0.7
901,33,0.93
902,32,0
903,33,0
904,32,0.32
905,33,0
906,32,0
907,1,3.5
908,33,0
909,32,0.18
910,33,0
911,32,0
912,33,0.13
913,32,0.08
914,1,2.42
915,1,1.68
916,33,0
917,32,0.47
918,33,0.09
919,32,0
920,1,4.3
921,1,82.69
922,33,0
923,1,1.3
924,1,26.88
925,32,0
926,33,0
927,32,0
928,33,0.5
929,32,0.21
930,33,0.06
931,32,0
932,33,0
933,1,518.13
934,32,0.07
935,33,0
936,32,0.34
937,33,0
938,32,0
939,33,0.14
940,32,0.08
941,33,0.12
942,32,0.16
943,1,283.07
944,33,0.46
945,32,0
946,33,0.1
947,1,656.47
948,1,3.2
949,32,0.18
950,33,0
951,32,0.32
952,33,0
953,33,0.19
954,32,0
955,33,0.13
956,32,0.16
957,1,13.96
958,33,0.17
959,32,0
960,33,0
961,32,0.56
962,1,568.38
963,33,0
964,32,0.38
965,33,0.07
966,1,1.6
967,32,0
968,1,1.97
969,33,0
970,32,0.36
971,33,0.08
972,32,0
973,33,0.24
974,32,0
975,1,125.16
976,33,0
977,32,0
978,1,0.97
979,1,97.16
980,1,1.4
981,1,746.49
982,33,0
983,32,0
984,33,0
985,32,0
986,1,5.78
987,1,1367.71
988,33,0
989,32,0
990,33,0
991,32,0
992,33,0.29
993,32,0
994,33,0.06
995,32,0
996,33,0.4
997,32,0
998,33,0.48
999,32,0
1000,33,0.92
1001,32,0.35
1002,33,0.6
1003,32,0
1004,33,0.07
1005,32,0.2
1006,1,1.44
1007,33,0.1
1008,33,0
1009,32,0
1010,33,0.36
1011,32,0.44
1012,33,0.32
1013,1,49.95
1014,32,0
1015,33,0
1016,32,0.6
1017,33,0.29
1018,32,0
1019,1,48.61
1020,1,391.26
1021,1,1.04
1022,1,722.69
1023,33,0
1024,32,0.14
1025,33,0.4
1026,32,0.8
1027,33,0
1028,32,0
1029,1,123.7
1030,1,118.84
1031,33,0
1032,32,0.24
1033,33,0.07
1034,32,0
1035,1,1.2
1036,1,84.69
1037,1,1.3
1038,33,0.19
1039,1,3.84
1040,32,0.16
1041,33,0.13
1042,32,0.48
1043,1,3.28
1044,33,0
1045,32,0
1046,33,0
1047,1,26.93
1048,32,0
1049,1,484.4
1050,1,9.63
1051,33,0
1052,32,0
1053,33,0.16
1054,32,0.19
1055,33,0
1056,32,0
1057,33,0
1058,32,0
1059,33,0.43
1060,32,0.36
1061,1,34.19
1062,33,0
1063,32,0.18
1064,1,2.86
1065,1,16.8
1066,33,0.06
1067,32,0.24
1068,33,0.21
1069,32,0
1070,1,0.98
1071,33,0
1072,33,0
1073,32,0
1074,33,0
1075,32,0
1076,33,0
1077,32,0
1078,33,0.44
1079,32,0
1080,33,0
1081,32,0.2
1082,33,0
1083,32,0.29
1084,33,0
1085,32,0
1086,33,0.32
1087,32,0.7
1088,33,0
1089,32,0
1090,33,0
1091,32,0.24
1092,33,0
1093,1,113.29
1094,32,0
1095,33,0
1096,1,1.3
1097,1,209.34
1098,1,1.92
1099,1,655.26
1100,32,0
1101,1,1
1102,1,2.48
1103,33,0
1104,32,0
1105,33,0
1106,1,69.62
1107,32,0.1
1108,33,0
1109,32,0
1110,33,0
1111,32,0.25
1112,33,0.64
1113,32,0
1114,1,284
1115,33,0
1116,32,0.14
1117,33,0.56
1118,32,0
1119,33,0
1120,32,0.5
1121,33,0.84
1122,32,0.16
1123,33,0.29
1124,33,0
1125,32,0.19
1126,33,0
1127,32,0
1128,33,0
1129,32,0.16
1130,33,0
1131,32,0.22
1132,33,0
1133,1,1.9
1134,32,0
1135,33,0.3
1136,32,0.48
1137,33,0.6
1138,32,0.21
1139,1,1.4
1140,33,0
1141,32,0
1142,33,0
1143,32,0.3
1144,1,2.08
1145,1,1.32
1146,33,0
1147,1,1.2
1148,32,0
1149,1,1.26
1150,33,0.36
1151,32,0.13
1152,33,0
1153,32,0
1154,33,0.12
1155,32,0
1156,1,457.93
1157,33,0
1158,32,0
1159,33,0.35
1160,32,0
1161,1,1.33
1162,33,0
1163,32,0
1164,33,0.86
1165,32,0
1166,1,8.52
1167,1,1
1168,33,0
1169,32,0.18
1170,33,0
1171,32,0
1172,33,0
1173,1,1.6
1174,32,0
1175,33,0
1176,32,0
1177,33,0
1178,33,0
1179,32,0.18
1180,33,0.29
1181,32,0.2
1182,1,2.02
1183,33,0
1184,32,0.32
1185,1,17.68
1186,1,4
1187,1,1.2
1188,33,0
1189,32,0
1190,1,413.59
1191,1,1
1192,33,0.25
1193,32,0
1194,33,0
1195,1,31.22
1196,32,0
1197,33,0
1198,32,0
1199,33,0
1200,32,0
1201,1,3.16
1202,1,4.32
1203,1,6
1204,33,0.48
1205,32,0
1206,1,2.13
1207,33,0
1208,1,4.32
1209,1,2.02
1210,32,0.18
1211,33,0.16
1212,32,0
1213,33,0.16
1214,32,0
1215,33,0.24
1216,32,0
1217,33,0.5
1218,32,0
1219,33,0
1220,32,0
1221,1,133.2
1222,33,0
1223,32,0.17
1224,33,0.5
1225,1,177.71
1226,32,0
1227,33,0
1228,32,0
1229,33,0.2
1230,32,0.5
1231,33,0.42
1232,1,31.96
1233,32,0
1234,33,0
1235,1,2.64
1236,32,0.12
1237,33,0.24
1238,32,0
1239,1,59.54
1240,1,1.42
1241,33,0
1242,33,0
1243,32,0
1244,1,1.74
1245,1,1.4
1246,33,0
1247,1,5.6
1248,32,0
1249,33,0
1250,1,65.63
1251,32,0.4
1252,33,0.4
1253,32,0
1254,33,0
1255,32,0.12
1256,33,0
1257,32,0
1258,33,0.26
1259,32,0
1260,33,0
1261,1,125.28
1262,32,0
1263,33,0.68
1264,32,0
1265,33,0
1266,32,0.2
1267,1,1.02
1268,1,1.5
1269,1,1.44
1270,1,1.4
1271,33,0
1272,32,0
1273,33,0.2
1274,32,0
1275,33,0
1276,32,0.2
1277,33,0
1278,32,0
1279,33,0.3
1280,32,0
1281,33,0.2
1282,32,0.08
1283,33,0.14
1284,1,1.43
1285,1,1.19
1286,32,0.14
1287,33,0.86
1288,1,243.65
1289,32,0
1290,33,0.48
1291,1,418.27
1292,32,0
1293,33,0.62
1294,32,0
1295,33,0.14
1296,32,0.26
1297,33,0.12
1298,33,0.47
1299,32,0.16
1300,1,1.26
1301,1,128.35
1302,1,455.91
1303,33,0.32
1304,32,0
1305,33,0
1306,1,1.06
1307,32,0.96
1308,1,89.29
1309,1,1.4
1310,33,0
1311,32,0
1312,33,0.4
1313,32,0.56
1314,33,0
1315,1,1.44
1316,1,195.18
1317,32,0
1318,33,0
1319,32,0.68
1320,33,0
1321,32,0
1322,33,0.14
1323,32,0
1324,1,2.44
1325,33,0
1326,32,0
1327,1,6
1328,33,0
1329,1,1.06
1330,32,0.14
1331,33,0.39
1332,1,2.16
1333,32,0
1334,33,0.18
1335,32,0.88
1336,33,0.5
1337,32,0
1338,33,0.59
1339,32,0
1340,1,30.02
1341,33,0
1342,32,0.14
1343,33,0
1344,1,185.74
1345,1,8.8
1346,32,0
1347,33,0
1348,32,0
1349,1,1.06
1350,33,0
1351,32,0.25
1352,33,0
1353,32,0
1354,33,0
1355,32,0
1356,33,0
1357,33,0
1358,32,0.3
1359,33,0
1360,32,0
1361,1,459.89
1362,33,0.96
1363,1,3.52
1364,32,0.24
1365,1,4.48
1366,33,0.06
1367,32,0
1368,1,1.12
1369,33,0
1370,32,0
1371,33,0.24
1372,32,0.21
1373,33,0
1374,32,0.35
1375,33,0.43
1376,32,0.43
1377,1,1.2
1378,33,0
1379,1,69.37
1380,32,0.14
1381,33,0
1382,32,0
1383,1,19.8
1384,33,0.4
1385,32,0
1386,33,0
1387,1,13.15
1388,1,137.41
1389,32,0
1390,33,0.24
1391,1,1.52
1392,32,0.12
1393,33,0
1394,32,0
1395,33,0.4
1396,1,2.02
1397,32,0.94
1398,33,0
1399,32,0
1400,33,0
1401,1,191.78
1402,1,2.9
1403,32,0.59
1404,33,0.96
1405,1,253.13
1406,32,0.09
1407,33,0.14
1408,32,0
1409,33,0
1410,32,0.96
1411,33,0
1412,32,0
1413,33,0
1414,32,0
1415,33,0.5
1416,1,73.84
1417,1,15.71
1418,33,0.2
1419,32,0
1420,33,0.83
1421,32,0
1422,33,0
1423,1,1.12
1424,32,0
1425,1,1.6
1426,33,0.13
1427,32,0
1428,1,1.6
1429,33,0.1
1430,32,0
1431,33,0.58
1432,32,0.2
1433,33,0.06
1434,32,0.5
1435,33,0
1436,32,0.17
1437,33,0
1438,32,0
1439,33,0.13
1440,32,0.19
1441,33,0
1442,32,0
1443,33,0.6
1444,32,0.35
1445,33,0
1446,32,0
1447,33,0
1448,32,0
1449,33,0
1450,32,0
1451,33,0.64
1452,32,0.24
1453,33,0.18
1454,32,0
1455,33,0
1456,32,0
1457,1,1
1458,33,0
1459,1,33.13
1460,32,0
1461,33,0.08
1462,32,0
1463,33,0.67
1464,32,0
1465,1,193.55
1466,33,0
1467,1,150.84
1468,33,0
1469,32,0.5
1470,33,0.13
1471,32,0
1472,33,0.08
1473,1,1.68
1474,32,0
1475,33,0.12
1476,1,2.27
1477,1,275.23
1478,1,1.4
1479,32,0
1480,33,0.9
1481,32,0
1482,33,0
1483,32,0.77
1484,33,0
1485,32,0.24
1486,33,0
1487,32,0.14
1488,33,0.4
1489,32,0
1490,33,0.28
1491,32,0.25
1492,33,0
1493,32,0
1494,33,0
1495,1,1.12
1496,32,0
1497,33,0.4
1498,32,0
1499,33,0.19
1500,32,0
1501,33,0.6
1502,1,282.62
1503,1,239.85
1504,32,0.1
1505,33,0.25
1506,32,0
1507,33,0
1508,32,0
1509,33,0
1510,32,0.56
1511,1,1.56
1512,1,397.28
1513,33,0
1514,32,0.22
1515,33,0
1516,32,0
1517,33,0
1518,32,0
1519,33,0.06
1520,1,3.96
1521,33,0
1522,32,0
1523,33,0.14
1524,32,0
1525,33,0
1526,32,0.55
1527,33,0.18
1528,32,0
1529,1,508.59
1530,33,0
1531,32,0
1532,33,0.14
1533,32,0
1534,33,0
1535,32,0
1536,33,0
1537,32,0
1538,33,0
1539,32,0
1540,1,13.82
1541,1,1.76
1542,1,23.2
1543,33,0
1544,32,0.16
1545,33,0
1546,32,0.55
1547,33,0.24
1548,32,0.96
1549,1,192.88
1550,33,0.36
1551,32,0
1552,33,0.1
1553,1,2.24
1554,32,0.48
1555,33,0.65
1556,32,0
1557,1,5.49
1558,1,492.43
1559,33,0
1560,1,1.86
1561,32,0
1562,33,0.2
1563,1,30.19
1564,32,0
1565,33,0
1566,1,2.88
1567,32,0
1568,33,0.16
1569,1,1
1570,32,0.24
1571,33,0.07
1572,32,0.19
1573,33,0
1574,32,0
1575,33,0
1576,1,1.57
1577,32,0.24
1578,33,0
1579,1,1.51
1580,1,187.43
1581,33,0.07
1582,1,72.13
1583,32,0
1584,33,0
1585,32,0
1586,33,0
1587,1,709.66
1588,32,0.25
1589,33,0.34
1590,32,0
1591,33,0.13
1592,32,0.35
1593,33,0.1
1594,32,0.13
1595,33,0
1596,32,0
1597,1,1.37
1598,1,89.21
1599,33,0.28
1600,32,0
1601,33,0.8
1602,32,0
1603,1,6.91
1604,33,0
1605,32,0
1606,33,0.7
1607,32,0
1608,33,0.08
1609,32,0
1610,33,0.24
1611,32,0
1612,33,0.6
1613,32,0.4
1614,33,0
1615,32,0.39
1616,33,0
1617,1,61.19
1618,1,137.28
1619,1,550.57
1620,32,0
1621,33,0
1622,32,0.16
1623,33,0
1624,32,0
1625,33,0
1626,1,1.44
1627,32,0
1628,1,490.99
1629,33,0
1630,32,0.52
1631,33,0
1632,32,0
1633,33,0
1634,33,0
1635,32,0.26
1636,33,0.06
1637,32,0
1638,33,0
1639,32,0
1640,1,1.89
1641,1,11.42
1642,33,0
1643,32,0
1644,1,3.2
1645,33,0
1646,32,0
1647,33,0.8
1648,32,0.6
1649,33,0.22
1650,32,0
1651,33,0
1652,32,0
1653,33,0
1654,1,53.86
1655,32,0
1656,33,0
1657,1,1.08
1658,32,0
1659,33,0.8
1660,32,0
1661,33,0.17
1662,1,116.95
1663,1,1.92
1664,1,110.12
1665,32,0.08
1666,33,0.8
1667,32,0.56
1668,1,110.08
1669,33,0
1670,32,0.06
1671,33,0.21
1672,32,0
1673,33,0.56
1674,1,4.98
1675,32,0.06
1676,33,0
1677,32,0.8
1678,33,0.07
1679,32,0.55
1680,33,0.5
1681,1,3.36
1682,32,0.1
1683,33,0.67
1684,32,0.32
1685,33,0.08
1686,32,0
1687,33,0
1688,32,0
1689,33,0
1690,1,88.9
1691,33,0.8
1692,32,0.16
1693,1,3.36
1694,33,0.08
1695,32,0
1696,33,0
1697,1,45.3
1698,32,0
1699,33,0
1700,32,0.24
1701,33,0
1702,32,0
1703,33,0
1704,1,59.63
1705,32,0.32
1706,33,0.5
1707,32,0.06
1708,33,0
1709,1,1.92
1710,32,0
1711,1,174.41
1712,1,62.67
1713,33,0
1714,32,0
1715,33,0.13
1716,1,59.37
1717,32,0
1718,33,0
1719,1,49.97
1720,32,0.79
1721,1,18
1722,33,0.96
1723,32,0.26
1724,33,0
1725,32,0
1726,1,257.78
1727,33,0
1728,32,0
1729,33,0.48
1730,32,0.16
1731,33,0.96
1732,32,0
1733,1,199.33
1734,33,0.29
1735,32,0.72
1736,33,0
1737,32,0
1738,33,0
1739,32,0.38
1740,1,1.84
1741,33,0
1742,32,0.16
1743,33,0
1744,32,0.3
1745,1,1
1746,33,0
1747,33,0
1748,1,280.13
1749,32,0
1750,1,3.2
1751,33,0
1752,32,0.16
1753,33,0.13
1754,32,0
1755,33,0
1756,32,0
1757,33,0.46
1758,32,0
1759,1,1.32
1760,33,0
1761,32,0.48
1762,1,1.78
1763,33,0.8
1764,32,0.18
1765,33,0
1766,32,0.96
1767,1,2.8
1768,33,0
1769,1,2.4
1770,32,0
1771,1,1.23
1772,33,0
1773,32,0.64
1774,33,0.2
1775,32,0.6
1776,33,0
1777,32,0.18
1778,1,1.6
1779,33,0
1780,32,0
1781,33,0
1782,32,0
1783,33,0
1784,32,0
1785,33,0.36
1786,1,518.21
1787,32,0.38
1788,33,0
1789,32,0.11
1790,33,0.24
1791,32,0
1792,33,0
1793,1,13.21
1794,32,0.48
1795,1,1.08
1796,33,0
1797,32,0
1798,33,0
1799,32,0
1800,33,0
1801,33,0.1
1802,32,0
1803,1,1.28
1804,33,0.46
1805,32,0.48
1806,1,44.36
1807,33,0.66
1808,1,42.53
1809,32,0.12
1810,33,0
1811,32,0
1812,33,0.3
1813,32,0.93
1814,33,0.32
1815,32,0.4
1816,33,0
1817,32,0
1818,33,0.12
1819,32,0.11
1820,33,0
1821,1,7.2
1822,32,0.21
1823,33,0.07
1824,32,0.47
1825,33,0.29
1826,1,2.54
1827,32,0.33
1828,1,331.52
1829,1,1.6
1830,33,0
1831,1,34.12
1832,32,0
1833,33,0
1834,32,0
1835,1,471.66
1836,1,2.21
1837,33,0.09
1838,32,0
1839,33,0.27
1840,32,0.62
1841,33,0.11
1842,32,0
1843,33,0
1844,32,0
1845,33,0
1846,32,0.16
1847,33,0
1848,32,0
1849,33,0.12
1850,1,34.62
1851,1,85.46
1852,32,0.56
1853,33,0.4
1854,1,1.12
1855,32,0.08
1856,33,0
1857,32,0.6
1858,33,0
1859,33,0.09
1860,32,0.56
1861,1,1.56
1862,33,0.6
1863,1,2.44
1864,32,0.32
1865,33,0
1866,1,1.44
1867,32,0
1868,1,3.2
1869,33,0
1870,1,1.12
1871,32,0
1872,33,0.8
1873,32,0.6
1874,1,0.98
1875,33,0
1876,32,0
1877,1,2.31
1878,33,0
1879,32,0
1880,33,0
1881,32,0
1882,33,0
1883,32,0.08
1884,33,0.29
1885,1,1.5
1886,32,0
1887,1,108.64
1888,33,0
1889,32,0.48
1890,33,0
1891,32,0.69
1892,33,0.3
1893,32,0.9
1894,33,0
1895,1,214.21
1896,32,0.5
1897,1,1.08
1898,1,2.18
1899,1,1.28
1900,1,2.52
1901,33,0.8
1902,32,0.18
1903,33,0
1904,1,3.2
1905,32,0
1906,33,0
1907,32,0.32
1908,1,1
1909,1,1.03
1910,33,0
1911,32,0.56
1912,33,0
1913,32,0
1914,1,3
1915,33,0
1916,32,0.26
1917,33,0.5
1918,32,0.08
1919,33,0
1920,33,0
1921,32,0
1922,33,0
1923,32,0
1924,1,1.44
1925,1,1.4
1926,1,3.68
1927,33,0
1928,32,0
1929,33,0.42
1930,1,3.17
1931,32,0.39
1932,1,1.3
1933,33,0
1934,32,0
1935,33,0
1936,1,2.18
1937,32,0.08
1938,1,1.73
1939,1,363.06
1940,33,0
1941,1,3
1942,32,0.22
1943,33,0.48
1944,32,0.3
1945,33,0
1946,32,0
1947,1,4.2
1948,33,0.08
1949,32,0
1950,33,0
1951,32,0
1952,33,0
1953,32,0
1954,33,0
1955,32,0.6
1956,1,14.11
1957,33,0
1958,32,0
1959,33,0.2
1960,32,0
1961,1,6.72
1962,33,0.1
1963,32,0
1964,1,69.84
1965,33,0
1966,1,1.61
1967,1,1.74
1968,32,0
1969,33,0
1970,32,0
1971,33,0
1972,32,0
1973,33,0
1974,1,3.66
1975,32,0.5
1976,33,0
1977,32,0.78
1978,33,0
1979,33,0
1980,32,0
1981,33,0
1982,1,1.02
1983,32,0
1984,33,0
1985,32,0
1986,1,525.21
1987,1,1.96
1988,33,0.96
1989,32,0.6
1990,1,1
1991,33,0
1992,32,0
1993,33,0
1994,32,0.64
1995,33,0.56
1996,32,0
1997,33,0.16
1998,32,0
1999,33,0.3
2000,32,0
2001,33,0
2002,32,0
2003,33,0
2004,1,3.18
2005,1,319.59
2006,32,0.19
2007,33,0
2008,32,0
2009,33,0
2010,32,0.14
2011,33,0
2012,32,0
2013,33,0
2014,32,0.49
2015,33,0
2016,32,0.13
2017,33,0.19
2018,1,2.94
2019,32,0
2020,1,1
2021,33,0
2022,32,0
2023,33,0
2024,32,0.96
2025,33,0
2026,32,0
2027,33,0
2028,32,0
2029,33,0
2030,32,0
2031,1,1.68
2032,33,0
2033,33,0
2034,1,725.29
2035,32,0
2036,33,0
2037,32,0
2038,33,0
2039,1,1.7
2040,32,0
2041,33,0
2042,32,0
2043,1,1.44
2044,1,6.9
2045,33,0.2
2046,32,0.26
2047,33,0.08
2048,32,0
2049,33,0.82
2050,32,0.19
2051,33,0
2052,32,0
2053,33,0.53
2054,32,0.13
2055,33,0
2056,32,0.1
2057,33,0
2058,32,0
2059,33,0.63
2060,32,0.12
2061,33,0
2062,1,50.71
2063,32,0
2064,1,90.78
2065,33,0
2066,32,0
2067,33,0.43
2068,32,0.16
2069,1,2
2070,33,0
2071,32,0.06
2072,33,0
2073,32,0.16
2074,33,0.48
2075,32,0.58
2076,33,0
2077,32,0
2078,33,0.22
2079,32,0
2080,1,143.31
2081,33,0
2082,32,0
2083,33,0
2084,33,0
2085,32,0.1
2086,33,0
2087,1,1.44
2088,1,3361.63
2089,32,0.08
2090,33,0.14
2091,32,0.5
2092,33,0
2093,32,0
2094,33,0
2095,32,0
2096,33,0.96
2097,32,0
2098,33,0.13
2099,32,0.6
2100,33,0
2101,32,0.19
2102,33,0
2103,32,0
2104,33,0.47
2105,1,1.14
2106,32,0.3
2107,33,0.58
2108,32,0.26
2109,33,0
2110,32,0
2111,33,0
2112,32,0
2113,1,31.6
2114,33,0
2115,32,0.8
2116,1,1.2
2117,33,0
2118,1,1.08
2119,32,0.6
2120,33,0
2121,32,0.33
2122,33,0.32
2123,32,0
2124,33,0.22
2125,1,1.37
2126,32,0
2127,33,0.7
2128,32,0.16
2129,33,0
2130,32,0
2131,1,103.99
2132,33,0
2133,32,0
2134,33,0.4
2135,32,0.64
2136,33,0
2137,33,0.26
2138,32,0
2139,33,0
2140,32,0
2141,33,0
2142,32,0.45
2143,33,0
2144,32,0
2145,33,0
2146,32,0
2147,33,0
2148,32,0.16
2149,1,194.02
2150,1,4.67
2151,33,0.19
2152,32,0
2153,33,0
2154,1,130.51
2155,32,0
2156,33,0
2157,32,0.35
2158,1,550.49
2159,33,0
2160,32,0.4
2161,33,0.8
2162,32,0.48
2163,33,0
2164,32,0
2165,33,0.08
2166,32,0
2167,33,0
2168,32,0.19
2169,1,4.5
2170,33,0
2171,32,0.32
2172,33,0
2173,32,0.2
2174,1,120.24
2175,33,0.29
2176,32,0
2177,1,47.14
2178,33,0
2179,32,0
2180,33,0
2181,1,3.2
2182,32,0
2183,33,0
2184,32,0.4
2185,33,0
2186,1,2.8
2187,1,1.76
2188,32,0
2189,33,0
2190,33,0.9
2191,32,0
2192,1,1.26
2193,1,2
2194,33,0
2195,32,0.1
2196,33,0.48
2197,32,0.8
2198,1,170.33
2199,33,0
2200,32,0
2201,33,0
2202,32,0.07
2203,33,0.69
2204,32,0
2205,33,0
2206,1,171.9
2207,32,0.16
2208,1,2.46
2209,33,0.08
2210,32,0.1
2211,33,0.48
2212,32,0.25
2213,33,0.16
2214,32,0.1
2215,33,0.18
2216,32,0.87
2217,33,0
2218,32,0
2219,33,0
2220,32,0
2221,1,3.18
2222,33,0
2223,32,0
2224,33,0
2225,32,0
2226,33,0
2227,1,2.88
2228,32,0
2229,1,1.18
2230,33,0.7
2231,32,0
2232,1,385
2233,33,0.07
2234,1,2659.26
2235,1,2.4
2236,32,0.2
2237,1,0.98
2238,33,0
2239,1,2.4
2240,32,0.18
2241,33,0
2242,32,0.51
2243,33,0
2244,1,570.94
2245,32,0.13
2246,33,0
2247,33,0
2248,32,0.08
2249,33,0.1
2250,32,0
2251,33,0
2252,32,0
2253,1,543
2254,33,0
2255,32,0.56
2256,33,0
2257,32,0
2258,33,0.16
2259,32,0.08
2260,33,0
2261,32,0
2262,33,0
2263,1,2.5
2264,32,0
2265,33,0
2266,32,0
2267,33,0.64
2268,32,0
2269,33,0
2270,32,0
2271,1,1.2
2272,33,0.44
2273,32,0
2274,1,1.06
2275,33,0
2276,1,1.2
2277,32,0
2278,1,150.69
2279,33,0
2280,32,0
2281,33,0
2282,32,0
2283,33,0.19
2284,1,1.4
2285,32,0
2286,33,0
2287,32,0
2288,33,0
2289,1,113.22
2290,32,0
2291,33,0
2292,32,0.22
2293,33,0
2294,1,2.5
2295,32,0
2296,33,0
2297,32,0
2298,33,0.2
2299,1,1.28
2300,32,0
2301,33,0
2302,33,0
2303,1,1.31
2304,32,0.06
2305,33,0.24
2306,1,6.4
2307,32,0
2308,33,0.1
2309,32,0
2310,1,1
2311,33,0
2312,32,0
2313,33,0.1
2314,32,0
2315,33,0
2316,1,1.92
2317,32,0.19
2318,33,0
2319,32,0.36
2320,33,0
2321,1,11.34
2322,32,0.21
2323,33,0
2324,1,166.25
2325,32,0
2326,33,0
2327,1,195.52
2328,32,0.6
2329,33,0
2330,32,0
2331,1,28.8
2332,33,0
2333,32,0
2334,33,0
2335,32,0
2336,33,0.64
2337,32,0.14
2338,33,0.3
2339,1,312.62
2340,1,363.29
2341,32,0
2342,33,0
2343,32,0
2344,33,0
2345,32,0
2346,33,0.08
2347,32,0
2348,33,0.12
2349,32,0
2350,33,0.72
2351,32,0
2352,1,1.24
2353,33,0.4
2354,32,0
2355,33,0.25
2356,33,0
2357,1,2.8
2358,32,0
2359,1,1.55
2360,1,1.32
2361,1,2
2362,33,0
2363,32,0.4
2364,33,0
2365,32,0
2366,1,2.8
2367,33,0
2368,32,0.36
2369,33,0.36
2370,32,0
2371,33,0.5
2372,32,0.09
2373,33,0.08
2374,32,0
2375,33,0
2376,32,0
2377,1,485.63
2378,33,0
2379,32,0
2380,33,0.21
2381,32,0.8
2382,33,0
2383,1,1.98
2384,32,0.22
2385,1,12.97
2386,33,0
2387,32,0.58
2388,33,0.4
2389,1,1.6
2390,32,0
2391,33,0.48
2392,32,0
2393,33,0
2394,1,259.15
2395,32,0
2396,33,0.24
2397,32,0
2398,33,0
2399,32,0
2400,1,1.6
2401,33,0
2402,32,0
2403,33,0
2404,32,0.07
2405,33,0
2406,32,0
2407,33,0
2408,32,0.08
2409,33,0.72
2410,1,1.28
2411,33,0.92
2412,32,0
2413,33,0
2414,1,95.22
2415,32,0
2416,33,0
2417,32,0.14
2418,1,114.87
2419,33,0
2420,32,0
2421,33,0.1
2422,32,0
2423,33,0
2424,32,0.4
2425,33,0.18
2426,32,0
2427,1,41.48
2428,33,0.17
2429,32,0
2430,33,0
2431,1,3.5
2432,32,0.34
2433,33,0
2434,32,0
2435,33,0
2436,32,0
2437,33,0.8
2438,32,0
2439,33,0
2440,32,0
2441,33,0
2442,1,848.5
2443,32,0.12
2444,33,0.21
2445,32,0
2446,33,0
2447,32,0
2448,33,0
2449,32,0
2450,33,0.06
2451,32,0
2452,33,0.8
2453,1,2.42
2454,32,0
2455,1,2.88
2456,33,0
2457,32,0.36
2458,33,0
2459,32,0
2460,33,0
2461,1,334.17
2462,1,1.76
2463,1,91.9
2464,32,0
2465,33,0
2466,33,0.84
2467,32,0.88
2468,33,0.07
2469,32,0
2470,33,0
2471,1,639.6
2472,32,0.16
2473,33,0.4
2474,32,0
2475,1,1.08
2476,33,0
2477,1,691.9
2478,32,0
2479,1,2.25
2480,33,0
2481,32,0.08
2482,1,5.6
2483,1,1.08
2484,33,0
2485,32,0
2486,33,0
2487,32,0.7
2488,1,346.3
2489,33,0
2490,32,0
2491,33,0
2492,32,0
2493,33,0
2494,32,0.6
2495,33,0
2496,32,0
2497,1,1.92
2498,33,0.5
2499,32,0.96
2500,33,0
2501,32,0.1
2502,33,0
2503,32,0
2504,33,0.06
2505,32,0
2506,1,1.28
2507,33,0
2508,32,0
2509,33,0
2510,1,5.6
2511,32,0.27
2512,33,0.74
2513,32,0
2514,33,0
2515,1,193.34
2516,32,0
2517,33,0
2518,32,0
2519,33,0
2520,33,0.18
2521,32,0
2522,33,0
2523,1,1
2524,32,0.68
2525,33,0
2526,32,0.36
2527,1,2.96
2528,1,68.59
2529,1,2.05
2530,33,0.32
2531,32,0.4
2532,1,17.98
2533,1,1.39
2534,1,2.88
2535,33,0
2536,32,0.29
2537,33,0
2538,32,0
2539,33,0.2
2540,32,0.18
2541,33,0
2542,1,63.49
2543,32,0
2544,33,0.06
2545,32,0.84
2546,1,241.09
2547,33,0.69
2548,32,0.06
2549,33,0
2550,32,0
2551,33,0
2552,32,0
2553,33,0
2554,1,1.08
2555,1,2
2556,32,0
2557,33,0.28
2558,32,0
2559,33,0.14
2560,32,0.9
2561,33,0.19
2562,32,0
2563,33,0
2564,32,0
2565,33,0
2566,32,0.33
2567,33,0.5
2568,32,0.4
2569,33,0
2570,32,0
2571,1,5.4
2572,33,0
2573,32,0.45
2574,33,0
2575,32,0
2576,33,0
2577,1,1.5
2578,33,0.36
2579,32,0.46
2580,33,0
2581,32,0
2582,33,0.2
2583,32,0.24
2584,33,0
2585,32,0.16
2586,33,0.6
2587,32,0
2588,33,0.18
2589,32,0
2590,33,0
2591,32,0
2592,33,0.38
2593,1,569.09
2594,1,1.28
2595,32,0
2596,1,1.77
2597,33,0.9
2598,1,113.96
2599,32,0
2600,1,1.44
2601,33,0
2602,32,0.08
2603,33,0.36
2604,32,0.13
2605,33,0
2606,32,0.48
2607,33,0
2608,32,0.1
2609,33,0
2610,1,576.97
2611,32,0
2612,33,0
2613,32,0
2614,33,0
2615,1,141.4
2616,32,0
2617,33,0.65
2618,32,0
2619,33,0
2620,32,0.32
2621,1,24.3
2622,33,0.09
2623,32,0
2624,33,0
2625,32,0.19
2626,33,0
2627,32,0
2628,33,0.08
2629,33,0
2630,32,0
2631,1,252.3
2632,33,0
2633,32,0
2634,33,0.56
2635,32,0
2636,1,2.06
2637,1,123.81
2638,1,461.05
2639,1,2.37
2640,33,0
2641,32,0
2642,33,0
2643,1,71.03
2644,32,0
2645,33,0.06
2646,1,1.44
2647,32,0
2648,33,0.14
2649,32,0
2650,33,0
2651,32,0
2652,33,0
2653,32,0
2654,33,0.26
2655,32,0.69
2656,33,0.24
2657,32,0.18
2658,33,0.38
2659,32,0
2660,33,0
2661,1,3.29
2662,32,0.22
2663,33,0.12
2664,32,0
2665,33,0
2666,32,0
2667,33,0
2668,1,304.72
2669,32,0
2670,33,0
2671,1,75.71
2672,32,0
2673,33,0.08
2674,32,0
2675,1,877.3
2676,33,0
2677,32,0
2678,33,0
2679,32,0
2680,1,1.71
2681,33,0
2682,32,0.48
2683,33,0.22
2684,33,0
2685,32,0.13
2686,33,0
2687,32,0
2688,33,0.26
2689,32,0.64
2690,1,123.26
2691,33,0.12
2692,32,0.53
2693,33,0.25
2694,32,0.14
2695,33,0.32
2696,32,0
2697,33,0
2698,32,0
2699,1,431.03
2700,1,1.24
2701,33,0
2702,32,0
2703,33,0
2704,32,0.18
2705,33,0
2706,1,1.8
2707,32,0
2708,33,0
2709,32,0.56
2710,33,0
2711,32,0.35
2712,33,0.46
2713,32,0
2714,33,0.9
2715,1,329.98
2716,1,2.3
2717,32,0
2718,33,0
2719,32,0
2720,33,0.13
2721,32,0.26
2722,33,0.52
2723,32,0.12
2724,33,0
2725,32,0
2726,1,0.98
2727,33,0
2728,32,0
2729,33,0
2730,32,0.68
2731,1,2.8
2732,33,0.24
2733,32,0.12
2734,33,0.09
2735,1,1.87
2736,1,1.44
2737,32,0
2738,33,0
2739,33,0.25
2740,32,0
2741,1,1
2742,1,3.36
2743,33,0
2744,1,183.66
2745,32,0
2746,33,0.06
2747,32,0
2748,33,0.13
2749,32,0.4
2750,33,0
2751,32,0.18
2752,33,0
2753,32,0.22
2754,33,0.13
2755,32,0
2756,33,0.14
2757,32,0
2758,33,0.09
2759,1,174.04
2760,32,0
2761,1,4.5
2762,33,0
2763,32,0
2764,33,0
2765,32,0
2766,1,27.52
2767,33,0.4
2768,32,0.36
2769,1,2.41
2770,33,0
2771,32,0
2772,33,0
2773,32,0.18
2774,33,0
2775,32,0
2776,33,0.22
2777,32,0.24
2778,1,2.4
2779,33,0
2780,32,0.56
2781,33,0.76
2782,32,0.72
2783,33,0
2784,32,0.96
2785,33,0.13
2786,1,83.92
2787,32,0
2788,33,0
2789,1,9.7
2790,1,44.93
2791,32,0
2792,33,0
2793,33,0.54
2794,32,0.27
2795,33,0
2796,32,0.8
2797,33,0.48
2798,32,0
2799,1,1.22
2800,33,0.12
2801,32,0
2802,33,0
2803,32,0.16
2804,1,1.4
2805,1,1.44
2806,33,0
2807,32,0
2808,1,1.28
2809,33,0
2810,32,0.53
2811,33,0.4
2812,32,0
2813,33,0
2814,32,0.58
2815,33,0.13
2816,32,0
2817,33,0.11
2818,1,4.36
2819,32,0.4
2820,33,0
2821,32,0.5
2822,33,0
2823,32,0
2824,33,0
2825,1,1.78
2826,32,0
2827,1,21.12
2828,33,0.1
2829,32,0
2830,33,0.72
2831,1,1.6
2832,32,0
2833,33,0
2834,32,0.08
2835,33,0
2836,32,0
2837,33,0
2838,1,2.54
2839,1,3.36
2840,32,0
2841,1,1
2842,33,0.24
2843,32,0
2844,33,0.26
2845,32,0
2846,33,0
2847,33,0.74
2848,1,635.5
2849,1,2.4
2850,32,0
2851,33,0
2852,32,0
2853,33,0.8
2854,1,1.4
2855,1,5.12
2856,1,2.1
2857,32,0
2858,1,5.39
2859,33,0.4
2860,32,0
2861,33,0.16
2862,32,0
2863,33,0
2864,1,1.1
2865,32,0.26
2866,33,0
2867,32,0
2868,33,0
2869,32,0.24
2870,33,0.06
2871,32,0.32
2872,33,0.22
2873,32,0.17
2874,33,0
2875,1,1.16
2876,32,0.11
2877,33,0.22
2878,32,0.2
2879,33,0
2880,1,1.54
2881,32,0
2882,33,0
2883,1,404.56
2884,32,0
2885,33,0.16
2886,32,0
2887,33,0
2888,32,0
2889,33,0
2890,32,0
2891,1,850.43
2892,33,0
2893,32,0.6
2894,33,0
2895,1,1.6
2896,32,0.1
2897,33,0
2898,32,0
2899,1,4.75
2900,33,0
2901,1,6.4
2902,32,0
2903,33,0
2904,32,0.16
2905,1,1.26
2906,33,0.48
2907,33,0.38
2908,1,83.26
2909,1,50.99
2910,1,380.16
2911,32,0.35
2912,1,4.5
2913,33,0
2914,32,0.84
2915,1,1.52
2916,33,0
2917,32,0
2918,33,0
2919,1,1.12
2920,32,0
2921,33,0
2922,32,0
2923,33,0
2924,32,0
2925,33,0
2926,32,0.8
2927,33,0
2928,32,0.13
2929,33,0
2930,32,0.32
2931,33,0.45
2932,1,475.47
2933,1,847.52
2934,32,0
2935,33,0.12
2936,32,0
2937,33,0
2938,1,1.92
2939,32,0.08
2940,33,0
2941,32,0
2942,33,0
2943,32,0
2944,33,0
2945,32,0
2946,33,0
2947,32,0
2948,1,2.24
2949,33,0.1
2950,1,1.56
2951,32,0.14
2952,33,0.91
2953,32,0.26
2954,33,0
2955,32,0.16
2956,1,2.88
2957,33,0
2958,32,0
2959,33,0.88
2960,1,1.71
2961,32,0
2962,33,0.28
2963,33,0
2964,32,0
2965,1,9.78
2966,33,0
2967,32,0
2968,33,0
2969,32,0
2970,33,0.7
2971,1,1.63
2972,32,0.3
2973,33,0
2974,1,220.5
2975,32,0
2976,33,0
2977,32,0
2978,1,291.98
2979,33,0.19
2980,32,0.12
2981,33,0.12
2982,32,0.96
2983,33,0.12
2984,32,0
2985,1,3.2
2986,33,0.06
2987,1,1.6
2988,32,0.64
2989,33,0.96
2990,32,0
2991,33,0.4
2992,1,1.09
2993,1,3.2
2994,1,58.9
2995,32,0.1
2996,33,0
2997,32,0
2998,33,0.35
2999,32,0.58
3000,1,151.14
3001,33,0.48
3002,32,0.13
3003,33,0.08
3004,1,1.5
3005,32,0
3006,1,5.76
3007,33,0.13
3008,1,489.33
3009,32,0.12
3010,33,0.1
3011,32,0.24
3012,1,1.6
3013,33,0
3014,32,0
3015,1,1.2
3016,33,0
3017,32,0
3018,33,0.12
3019,32,0
3020,33,0.54
3021,33,0.14
3022,32,0.22
3023,33,0
3024,32,0.72
3025,1,1.57
3026,33,0.32
3027,32,0.8
3028,33,0.35
3029,1,192.95
3030,32,0
3031,1,3.6
3032,33,0
3033,32,0
3034,33,0
3035,32,0
3036,33,0.18
3037,1,5.4
3038,1,930.54
3039,32,0.54
3040,33,0.19
3041,32,0
3042,33,0.94
3043,32,0.11
3044,33,0
3045,1,3.36
3046,1,53.71
3047,1,117.25
3048,32,0
3049,33,0
3050,32,0.56
3051,33,0
3052,32,0.53
3053,33,0.48
3054,32,0
3055,33,0
3056,32,0
3057,1,358.85
3058,33,0
3059,32,0
3060,33,0
3061,32,0
3062,33,0.13
3063,32,0.16
3064,33,0
3065,32,0
3066,33,0.7
3067,1,1.78
3068,32,0.48
3069,33,0
3070,32,0.26
3071,33,0
3072,32,0.44
3073,1,4.32
3074,33,0
3075,32,0
3076,1,3.46
3077,1,1.03
3078,1,97.2
3079,33,0
3080,33,0.56
3081,32,0
3082,1,6.5
3083,33,0.69
3084,32,0
3085,33,0
3086,32,0
3087,33,0
3088,32,0
3089,33,0
3090,32,0
3091,33,0.56
3092,32,0
3093,33,0.54
3094,32,0
3095,33,0.14
3096,32,0
3097,33,0
3098,32,0.14
3099,33,0
3100,32,0.13
3101,1,127.68
3102,1,1.92
3103,33,0
3104,32,0
3105,33,0.61
3106,32,0
3107,33,0.08
3108,1,1.26
3109,32,0
3110,1,1.63
3111,33,0
3112,32,0
3113,33,0
3114,32,0
3115,33,0.12
3116,32,0
3117,33,0.62
3118,32,0
3119,33,0
3120,32,0
3121,33,0
3122,32,0
3123,33,0
3124,32,0.08
3125,33,0.8
3126,32,0
3127,33,0.19
3128,33,0
3129,32,0
3130,33,0.25
3131,32,0
3132,1,36.49
3133,1,2.4
3134,33,0
3135,1,1.6
3136,32,0.56
3137,33,0.3
3138,32,0
3139,1,2.29
3140,33,0
3141,32,0
3142,33,0
3143,32,0.29
3144,33,0
3145,32,0.8
3146,1,882.35
3147,1,2.5
3148,33,0.29
3149,32,0
3150,33,0.19
3151,32,0
3152,33,0.08
3153,32,0
3154,33,0
3155,32,0.4
3156,33,0
3157,1,13.2
3158,32,0.14
3159,33,0
3160,32,0.19
3161,1,81.33
3162,1,1.2
3163,1,1.7
3164,33,0
3165,32,0
3166,1,2.6
3167,33,0
3168,32,0.56
3169,1,1.06
3170,1,2.15
3171,33,0
3172,1,4.6
3173,32,0.07
3174,33,0
3175,32,0
3176,33,0.1
3177,32,0.42
3178,33,0
3179,32,0.7
3180,33,0.19
3181,32,0.12
3182,33,0.08
3183,1,1.98
3184,32,0
3185,33,0
3186,1,6.9
3187,32,0
3188,1,1.2
3189,33,0
3190,33,0.19
3191,32,0.48
3192,33,0.42
3193,1,478.22
3194,32,0
3195,33,0
3196,32,0
3197,1,6.53
3198,1,4.16
3199,33,0
3200,32,0
3201,1,251.25
3202,1,1270.15
3203,33,0
3204,32,0
3205,33,0.6
3206,32,0.72
3207,1,4.18
3208,33,0.1
3209,32,0
3210,33,0
3211,1,2.12
3212,32,0
3213,1,41.9
3214,33,0
3215,32,0.96
3216,33,0
3217,32,0.19
3218,1,67.95
3219,33,0
3220,32,0.48
3221,1,1.2
3222,33,0
3223,32,0
3224,33,0
3225,32,0.38
3226,33,0
3227,32,0
3228,33,0
3229,32,0.08
3230,1,6.4
3231,33,0.5
3232,32,0
3233,33,0.48
3234,32,0
3235,1,2.42
3236,33,0
3237,32,0.56
3238,33,0.4
3239,32,0
3240,1,1.5
3241,33,0
3242,32,0
3243,1,23.99
3244,33,0
3245,1,2.4
3246,32,0
3247,33,0
3248,33,0
3249,32,0
3250,33,0
3251,32,0.9
3252,33,0
3253,32,0.3
3254,33,0.6
3255,32,0.94
3256,1,2.54
3257,33,0
3258,32,0
3259,33,0.32
3260,32,0.88
3261,33,0
3262,32,0
3263,33,0.08
3264,32,0.24
3265,1,1.6
3266,33,0
3267,32,0.7
3268,33,0
3269,1,4.88
3270,32,0.8
3271,33,0
3272,32,0
3273,1,1.38
3274,33,0.14
3275,32,0.64
3276,1,1.35
3277,33,0
3278,32,0.24
3279,33,0.4
3280,32,0
3281,33,0
3282,32,0
3283,33,0.64
3284,32,0.13
3285,1,1.33
3286,1,1.3
3287,33,0
3288,32,0
3289,1,25
3290,33,0.49
3291,32,0
3292,33,0
3293,32,0
3294,1,1.34
3295,1,123.96
3296,1,1
3297,33,0.32
3298,1,216.04
3299,32,0
3300,33,0
3301,32,0
3302,33,0
3303,1,4.03
3304,1,86.18
3305,33,0
3306,1,2.8
3307,1,1841.14
3308,1,2
3309,1,21.78
3310,32,0
3311,33,0
3312,1,4.08
3313,32,0
3314,33,0
3315,1,2.24
3316,32,0
3317,33,0
3318,32,0.07
3319,33,0
3320,32,0
3321,1,1.2
3322,33,0
3323,32,0
3324,33,0
3325,32,0
3326,33,0
3327,32,0
3328,33,0
3329,32,0
3330,1,1.28
3331,33,0.11
3332,32,0
3333,33,0.24
3334,32,0
3335,33,0
3336,32,0
3337,33,0.1
3338,32,0
3339,1,1.6
3340,33,0.25
3341,1,4.16
3342,32,0
3343,33,0.91
3344,32,0
3345,33,0
3346,32,0
3347,33,0
3348,32,0.22
3349,33,0.18
3350,32,0.31
3351,33,0
3352,32,0.13
3353,33,0.22
3354,32,0
3355,33,0.16
3356,1,92.72
3357,32,0
3358,33,0
3359,32,0
3360,33,0
3361,33,0.13
3362,32,0
3363,1,1.03
3364,33,0.07
3365,32,0.32
3366,33,0
3367,32,0
3368,1,113.71
3369,33,0
3370,1,81.01
3371,32,0.28
3372,33,0.96
3373,32,0
3374,33,0.08
3375,32,0
3376,1,2.57
3377,1,175.83
3378,33,0
3379,32,0
3380,1,20.31
3381,33,0.3
3382,32,0.48
3383,33,0.24
3384,32,0
3385,33,0.36
3386,32,0
3387,33,0.32
3388,32,0.34
3389,1,264.64
3390,33,0.18
3391,1,1.2
3392,1,4.32
3393,1,67.62
3394,32,0
3395,1,1.5
3396,33,0
3397,32,0
3398,33,0.48
3399,1,1.9
3400,32,0.4
3401,33,0
3402,32,0
3403,33,0
3404,32,0
3405,33,0
3406,32,0
3407,1,1.97
3408,33,0.18
3409,32,0
3410,33,0.96
3411,32,0
3412,33,0
3413,32,0
3414,33,0
3415,32,0
3416,33,0.08
3417,33,0.08
3418,32,0.82
3419,33,0
3420,1,1.55
3421,32,0
3422,33,0
3423,32,0.08
3424,33,0
3425,1,4.8
3426,32,0
3427,33,0.1
3428,32,0
3429,33,0.2
3430,32,0
3431,33,0.8
3432,32,0.06
3433,33,0
3434,1,10.08
3435,32,0
3436,33,0
3437,1,1.45
3438,1,1.04
3439,32,0.8
3440,33,0
3441,32,0
3442,1,4.8
3443,33,0
3444,32,0.25
3445,33,0.2
3446,32,0.12
3447,33,0
3448,32,0
3449,33,0
3450,32,0
3451,33,0.92
3452,32,0.74
3453,1,151.54
3454,33,0
3455,32,0
3456,33,0.13
3457,1,1.5
3458,32,0
3459,1,2.8
3460,33,0
3461,32,0
3462,33,0.58
3463,1,3.64
3464,1,126.78
3465,32,0.8
3466,33,0.21
3467,32,0.14
3468,33,0
3469,32,0.4
3470,33,0
3471,33,0
3472,32,0
3473,33,0
3474,32,0
3475,1,0.97
3476,33,0
3477,32,0
3478,1,3.2
3479,33,0
3480,32,0.36
3481,33,0.12
3482,32,0.26
3483,33,0.59
3484,32,0.24
3485,33,0
3486,32,0.11
3487,1,53.1
3488,33,0
3489,32,0.4
3490,33,0
3491,32,0
3492,33,0
3493,32,0
3494,33,0.53
3495,1,402.72
3496,1,85.78
3497,1,22.01
3498,32,0.16
3499,33,0.84
3500,1,5.6
3501,32,0
3502,33,0.13
3503,32,0
3504,33,0
3505,32,0.25
3506,33,0.07
3507,32,0.14
3508,1,8.64
3509,33,0.36
3510,1,332.09
3511,32,0.19
3512,33,0.43
3513,1,3.68
3514,32,0.14
3515,33,0
3516,1,1.54
3517,1,2.44
3518,32,0
3519,33,0
3520,32,0.32
3521,33,0.8
3522,32,0
3523,33,0.25
3524,32,0
3525,1,2.4
3526,1,4.68
3527,33,0.4
3528,32,0
3529,33,0
3530,33,0
3531,32,0
3532,33,0
3533,32,0
3534,33,0.24
3535,32,0.4
3536,33,0
3537,32,0.14
3538,33,0
3539,1,33.23
3540,1,1.5
3541,32,0.3
3542,33,0.4
3543,1,1.2
3544,32,0
3545,33,0
3546,32,0.17
3547,1,2.22
3548,33,0
3549,32,0.14
3550,33,0.19
3551,1,1.2
3552,1,133.77
3553,1,3
3554,32,0.27
3555,1,25.54
3556,33,0.96
3557,32,0.5
3558,33,0.09
3559,32,0
3560,1,26.56
3561,33,0.3
3562,32,0
3563,33,0.7
3564,1,1.44
3565,32,0
3566,1,87.45
3567,33,0
3568,32,0
3569,33,0.26
3570,32,0
3571,1,2.18
3572,33,0
3573,32,0.34
3574,33,0.94
3575,32,0.14
3576,33,0.26
3577,32,0
3578,33,0.3
3579,32,0.11
3580,33,0
3581,32,0
3582,1,26.35
3583,1,1.79
3584,1,9.27
3585,1,95.7
3586,33,0
3587,1,1.3
3588,1,1.6
3589,32,0
3590,1,4
3591,33,0
3592,1,2.5
3593,1,2.4
3594,33,0.13
3595,32,0
3596,33,0.32
3597,32,0
3598,33,0.12
3599,32,0
3600,33,0
3601,1,2.4
3602,1,120.28
3603,32,0
3604,33,0
3605,32,0
3606,33,0.81
3607,32,0.15
3608,33,0.24
3609,32,0
3610,33,0.18
3611,1,2.52
3612,32,0
3613,33,0.3
3614,32,0.8
3615,33,0
3616,1,593.02
3617,32,0
3618,1,1.4
3619,33,0.16
3620,32,0.06
3621,33,0.06
3622,32,0
3623,33,0
3624,32,0.16
3625,33,0.06
3626,1,308.87
3627,1,1.12
3628,1,1.6
3629,32,0
3630,1,1.82
3631,1,1.2
3632,33,0
3633,32,0.06
3634,33,0.19
3635,32,0
3636,33,0.56
3637,1,6.34
3638,32,0
3639,33,0.48
3640,32,0.3
3641,33,0.6
3642,32,0.36
3643,1,6
3644,1,81.82
3645,1,4
3646,33,0
3647,32,0
3648,1,1.12
3649,33,0
3650,32,0.7
3651,33,0
3652,1,2.88
3653,32,0
3654,1,181.14
3655,1,1.2
3656,33,0
3657,33,0.11
3658,32,0
3659,33,0.24
3660,32,0
3661,33,0
3662,1,1.68
3663,1,4.09
3664,32,0.6
3665,33,0
3666,32,0
3667,33,0
3668,32,0.22
3669,33,0
3670,32,0
3671,33,0
3672,1,8.28
3673,1,2.76
3674,32,0
3675,33,0
3676,1,26.23
3677,32,0.6
3678,1,1.4
3679,33,0
3680,1,3.68
3681,1,1.6
3682,32,0
3683,33,0
3684,32,0
3685,33,0.08
3686,32,0
3687,33,0
3688,32,0.3
3689,1,4.48
3690,33,0.2
3691,32,0.29
3692,33,0
3693,1,3.62
3694,32,0
3695,33,0.96
3696,32,0.29
3697,33,0
3698,32,0
3699,33,0.82
3700,32,0.38
3701,33,0
3702,1,1.99
3703,1,3.2
3704,32,0
3705,1,8
3706,33,0
3707,32,0.25
3708,33,0
3709,32,0.12
3710,33,0
3711,32,0.08
3712,33,0
3713,33,0
3714,32,0.29
3715,33,0
3716,32,0
3717,33,0
3718,1,4
3719,32,0.54
3720,33,0.1
3721,32,0
3722,33,0.48
3723,32,0.4
3724,1,3.36
3725,33,0
3726,1,1.06
3727,1,2.4
3728,32,0.68
3729,33,0
3730,32,0
3731,33,0
3732,32,0.7
3733,33,0.16
3734,32,0.48
3735,1,2.24
3736,33,0
3737,1,2.8
3738,32,0
3739,33,0
3740,1,1.98
3741,32,0.29
3742,33,0
3743,32,0
3744,33,0.12
3745,32,0
3746,33,0
3747,32,0
3748,33,0
3749,32,0.08
3750,33,0
3751,1,1.02
3752,32,0
3753,33,0.14
3754,32,0.3
3755,33,0
3756,32,0.22
3757,33,0
3758,32,0
3759,33,0
3760,32,0
3761,33,0.08
3762,32,0
3763,33,0
3764,33,0.18
3765,32,0
3766,33,0.62
3767,32,0
3768,33,0
3769,32,0
3770,33,0
3771,32,0.36
3772,33,0
3773,1,598.23
3774,1,1.12
3775,1,175.01
3776,32,0
3777,33,0.24
3778,32,0.24
3779,33,0.26
3780,32,0
3781,33,0
3782,32,0
3783,1,1.42
3784,33,0
3785,32,0.18
3786,33,0.24
3787,32,0
3788,33,0
3789,32,0.2
3790,33,0.22
3791,32,0.2
3792,1,2.16
3793,33,0
3794,32,0
3795,33,0.64
3796,32,0
3797,33,0
3798,1,1.52
3799,32,0.4
3800,33,0.09
3801,32,0.26
3802,33,0
3803,1,2.26
3804,32,0
3805,33,0
3806,32,0
3807,33,0.48
3808,32,0
3809,33,0.1
3810,32,0
3811,1,3.56
3812,33,0
3813,32,0.72
3814,33,0
3815,32,0
3816,33,0.32
3817,33,0.5
3818,1,273.86
3819,32,0
3820,33,0.06
3821,32,0
3822,33,0
3823,32,0.6
3824,33,0
3825,32,0.4
3826,33,0
3827,32,0.1
3828,33,0
3829,32,0
3830,33,0
3831,32,0
3832,33,0.19
3833,32,0
3834,1,3.6
3835,33,0
3836,1,1.53
3837,32,0.7
3838,33,0
3839,32,0
3840,33,0
3841,32,0
3842,33,0
3843,32,0.1
3844,33,0
3845,32,0
3846,33,0
3847,32,0.3
3848,33,0
3849,32,0.16
3850,33,0
3851,32,0
3852,33,0.16
3853,32,0.29
3854,1,174.17
3855,33,0
3856,32,0.18
3857,33,0
3858,32,0
3859,1,1.6
3860,1,4.64
3861,33,0
3862,32,0.46
3863,33,0.48
3864,1,10.08
3865,32,0.09
3866,1,2.14
3867,33,0
3868,1,29.2
3869,1,109.67
3870,1,3
3871,33,0
3872,32,0
3873,33,0
3874,32,0
3875,1,1.92
3876,1,28.22
3877,33,0.27
3878,1,1.12
3879,32,0.18
3880,33,0.12
3881,32,0.6
3882,33,0
3883,32,0
3884,33,0
3885,32,0.2
3886,33,0.54
3887,32,0
3888,33,0
3889,32,0.1
3890,33,0
3891,32,0.18
3892,33,0.06
3893,32,0
3894,1,41.51
3895,33,0
3896,32,0
3897,33,0.4
3898,32,0
3899,1,55.21
3900,33,0
3901,1,891.16
3902,32,0
3903,33,0
3904,32,0
3905,33,0.44
3906,32,0
3907,33,0
3908,32,0.4
3909,33,0
3910,32,0
3911,33,0
3912,32,0
3913,33,0.18
3914,1,0.98
3915,32,0
3916,33,0
3917,32,0
3918,1,2.11
3919,1,1.68
3920,33,0
3921,32,0
3922,1,1
3923,33,0.2
3924,33,0
3925,1,1.12
3926,1,60.88
3927,32,0
3928,33,0
3929,32,0
3930,1,12.36
3931,33,0
3932,1,9.6
3933,32,0.68
3934,33,0
3935,32,0
3936,33,0.24
3937,32,0
3938,1,4.4
3939,1,1.2
3940,33,0.64
3941,32,0.42
3942,33,0
3943,32,0.1
3944,1,12.16
3945,33,0.82
3946,32,0
3947,33,0.1
3948,32,0
3949,33,0
3950,1,123.03
3951,32,0
3952,33,0
3953,32,0.2
3954,33,0.13
3955,32,0.11
3956,33,0
3957,32,0
3958,33,0.86
3959,32,0
3960,1,3.16
3961,1,2.4
3962,33,0
3963,32,0.11
3964,33,0
3965,32,0.9
3966,33,0.38
3967,32,0.2
3968,33,0
3969,32,0.49
3970,33,0
3971,32,0.44
3972,33,0.1
3973,32,0
3974,33,0
3975,32,0.5
3976,33,0.17
3977,32,0
3978,33,0.36
3979,33,0
3980,32,0
3981,1,1.6
3982,33,0.29
3983,1,2.24
3984,32,0.4
3985,33,0.27
3986,32,0.72
3987,1,90.25
3988,33,0
3989,32,0
3990,33,0
3991,32,0.26
3992,33,0.16
3993,32,0
3994,33,0
3995,32,0
3996,33,0.4
3997,32,0.8
3998,33,0.11
3999,32,0
4000,33,0.22
4001,32,0
4002,33,0
4003,32,0
4004,33,0
4005,32,0
4006,1,2.08
4007,1,1.92
4008,33,0
4009,1,1.08
4010,1,1.01
4011,32,0
4012,1,304
4013,1,5.52
4014,33,0.5
4015,1,3.79
4016,32,0
4017,33,0
4018,32,0
4019,33,0
4020,32,0.78
4021,33,0.16
4022,1,1.08
4023,32,0.14
4024,33,0
4025,32,0.92
4026,33,0
4027,32,0.19
4028,33,0
4029,32,0.43
4030,33,0
4031,32,0.24
4032,33,0.1
4033,33,0
4034,32,0
4035,33,0
4036,32,0
4037,1,962.93
4038,33,0
4039,32,0
4040,33,0
4041,32,0.13
4042,33,0
4043,32,0
4044,33,0
4045,32,0
4046,33,0
4047,32,0
4048,33,0
4049,32,0.24
4050,1,7.12
4051,1,2.44
4052,33,0.13
4053,32,0
4054,1,185.29
4055,33,0
4056,32,0.16
4057,33,0
4058,1,7.66
4059,1,154.31
4060,32,0
4061,33,0
4062,32,0.4
4063,33,0
4064,32,0
4065,33,0.18
4066,1,1.15
4067,32,0
4068,33,0
4069,32,0
4070,33,0
4071,32,0.06
4072,33,0
4073,1,2.11
4074,32,0.16
4075,33,0
4076,32,0
4077,33,0
4078,32,0
4079,33,0
4080,32,0.32
4081,33,0
4082,32,0
4083,1,79.74
4084,33,0
4085,32,0
4086,33,0
4087,33,0
4088,1,1.6
4089,32,0.58
4090,33,0.38
4091,32,0.11
4092,33,0
4093,32,0
4094,33,0
4095,32,0
4096,33,0
4097,1,1.6
4098,32,0.29
4099,33,0.25
4100,32,0.06
4101,33,0.36
4102,1,187.52
4103,32,0
4104,33,0
4105,32,0.7
4106,33,0
4107,32,0.16
4108,33,0
4109,32,0.29
4110,1,1.62
4111,1,3.2
4112,1,4.8
4113,33,0
4114,32,0.2
4115,33,0
4116,32,0.96
4117,1,1.33
4118,33,0
4119,32,0
4120,1,1.79
4121,33,0.54
4122,1,1.09
4123,1,2.66
4124,32,0.83
4125,33,0.08
4126,32,0.5
4127,33,0
4128,32,0
4129,1,3.84
4130,33,0
4131,1,354.41
4132,32,0.64
4133,33,0
4134,1,470.6
4135,32,0
4136,33,0
4137,32,0
4138,33,0
4139,32,0.06
4140,33,0
4141,32,0.3
4142,1,1.96
4143,33,0
4144,33,0
4145,1,1
4146,32,0
4147,33,0.42
4148,32,0
4149,33,0.62
4150,32,0.8
4151,33,0.3
4152,32,0.8
4153,33,0
4154,32,0
4155,1,3.28
4156,1,321.5
4157,33,0
4158,32,0
4159,33,0
4160,32,0
4161,33,0.06
4162,32,0
4163,33,0
4164,1,1.04
4165,32,0
4166,1,3.5
4167,33,0.19
4168,32,0
4169,1,1.64
4170,33,0
4171,32,0.26
4172,1,1.51
4173,1,2.88
4174,1,2.65
4175,33,0.8
4176,1,1.83
4177,32,0
4178,33,0
4179,32,0
4180,1,4.5
4181,33,0.74
4182,32,0.24
4183,1,1.2
4184,33,0
4185,32,0.25
4186,33,0
4187,32,0.16
4188,33,0
4189,1,1.15
4190,32,0.8
4191,33,0.58
4192,32,0.22
4193,33,0.51
4194,1,1.86
4195,1,12.75
4196,32,0
4197,33,0
4198,32,0
4199,33,0.46
4200,32,0
4201,1,1.82
4202,1,2.24
4203,33,0
4204,33,0
4205,32,0
4206,33,0
4207,32,0
4208,33,0.34
4209,32,0
4210,33,0.07
4211,32,0
4212,33,0.25
4213,32,0.29
4214,33,0
4215,32,0.18
4216,33,0
4217,32,0
4218,33,0
4219,32,0.67
4220,1,8.26
4221,33,0
4222,32,0
4223,1,1.92
4224,33,0
4225,1,564.91
4226,32,0
4227,33,0
4228,32,0.2
4229,33,0.8
4230,1,1.68
4231,32,0
4232,1,1
4233,33,0
4234,32,0.4
4235,1,1.2
4236,33,0
4237,32,0
4238,33,0
4239,1,2
4240,32,0
4241,1,1.65
4242,33,0
4243,32,0.96
4244,33,0
4245,32,0.1
4246,1,4.48
4247,33,0
4248,32,0
4249,33,0
4250,32,0
4251,1,1.4
4252,1,6.65
4253,33,0
4254,32,0.64
4255,33,0
4256,1,480.63
4257,1,2.56
4258,32,0
4259,33,0
4260,32,0.13
4261,1,23.64
4262,33,0
4263,33,0.81
4264,32,0
4265,33,0.84
4266,32,0.25
4267,33,0.8
4268,32,0.8
4269,33,0.12
4270,32,0
4271,1,1
4272,33,0.13
4273,1,351.21
4274,1,1.2
4275,32,0
4276,33,0
4277,32,0
4278,33,0.08
4279,1,2.33
4280,32,0.41
4281,33,0
4282,1,7.83
4283,32,0
4284,33,0
4285,1,2.16
4286,32,0.48
4287,33,0
4288,1,3.9
4289,32,0
4290,33,0
4291,32,0.8
4292,33,0
4293,32,0
4294,1,1.6
4295,33,0.43
4296,32,0.76
4297,33,0
4298,32,0.5
4299,33,0.8
4300,32,0.08
4301,1,65.75
4302,33,0.13
4303,32,0.3
4304,33,0.27
4305,32,0
4306,33,0.18
4307,32,0
4308,33,0
4309,32,0
4310,33,0
4311,1,2.86
4312,32,0.17
4313,33,0
4314,32,0
4315,1,1.74
4316,33,0.19
4317,33,0.64
4318,1,1.46
4319,32,0.09
4320,1,4.08
4321,33,0
4322,1,2.08
4323,32,0
4324,33,0
4325,32,0
4326,33,0
4327,1,6.59
4328,32,0
4329,33,0
4330,32,0
4331,33,0
4332,32,0.95
4333,33,0
4334,1,89.28
4335,32,0.1
4336,33,0
4337,32,0
4338,33,0
4339,1,2.24
4340,1,4.8
4341,32,0.18
4342,33,0.21
4343,32,0.6
4344,33,0.6
4345,32,0
4346,33,0
4347,32,0
4348,33,0
4349,32,0.18
4350,33,0
4351,32,0.32
4352,33,0.4
4353,32,0.86
4354,33,0.5
4355,32,0
4356,33,0
4357,32,0
4358,33,0
4359,32,0
4360,33,0
4361,32,0
4362,33,0.64
4363,32,0
4364,33,0.18
4365,32,0.28
4366,33,0
4367,33,0.7
4368,32,0
4369,33,0.32
4370,32,0
4371,33,0
4372,32,0
4373,1,5.76
4374,33,0.38
4375,32,0
4376,33,0.18
4377,1,1.28
4378,32,0.66
4379,33,0
4380,32,0
4381,33,0.22
4382,1,264.98
4383,32,0.22
4384,33,0.21
4385,32,0
4386,33,0
4387,1,210.38
4388,32,0
4389,33,0.08
4390,32,0
4391,33,0
4392,32,0
4393,33,0
4394,32,0
4395,33,0
4396,32,0
4397,33,0
4398,32,0
4399,33,0.29
4400,32,0.74
4401,1,316.47
4402,33,0.8
4403,32,0.32
4404,33,0.5
4405,32,0
4406,33,0.78
4407,1,1.6
4408,32,0
4409,33,0.16
4410,1,1.92
4411,32,0.6
4412,33,0.5
4413,1,1.2
4414,32,0
4415,33,0
4416,32,0
4417,33,0
4418,1,3.04
4419,1,420.4
4420,1,1.2
4421,32,0
4422,33,0
4423,33,0.08
4424,32,0
4425,33,0
4426,32,0
4427,33,0
4428,32,0
4429,1,2.4
4430,33,0
4431,32,0
4432,33,0
4433,32,0.06
4434,1,1.1
4435,33,0.1
4436,32,0
4437,33,0.1
4438,32,0.38
4439,33,0
4440,1,38.93
4441,32,0
4442,33,0
4443,1,3.59
4444,1,603.72
4445,32,0
4446,33,0
4447,32,0
4448,1,58.09
4449,33,0
4450,32,0.66
4451,1,2.46
4452,33,0
4453,32,0.28
4454,33,0
4455,32,0
4456,33,0
4457,1,610.88
4458,1,82.92
4459,32,0
4460,33,0.6
4461,32,0
4462,33,0
4463,32,0.42
4464,33,0
4465,32,0.3
4466,1,130.72
4467,33,0.08
4468,32,0
4469,33,0
4470,1,8.34
4471,32,0.88
4472,33,0.11
4473,32,0
4474,33,0.07
4475,32,0.28
4476,1,579.63
4477,33,0
4478,33,0
4479,32,0
4480,1,109.95
4481,33,0.42
4482,32,0.16
4483,33,0
4484,32,0
4485,33,0
4486,32,0
4487,1,1.53
4488,1,2.8
4489,1,58.47
4490,33,0.16
4491,32,0
4492,33,0
4493,32,0.26
4494,33,0.3
4495,32,0.51
4496,33,0
4497,32,0
4498,33,0
4499,32,0.32
4500,33,0
4501,1,653.95
4502,32,0
4503,33,0.06
4504,32,0
4505,33,0
4506,32,0
4507,1,2.68
4508,33,0
4509,32,0
4510,33,0
4511,32,0.14
4512,33,0
4513,1,1.26
4514,32,0
4515,33,0
4516,32,0.08
4517,33,0.5
4518,1,1.68
4519,32,0.06
4520,33,0
4521,32,0.12
4522,33,0.3
4523,32,0
4524,1,1.36
4525,33,0.14
4526,32,0
4527,1,3.84
4528,33,0.5
4529,32,0
4530,1,1.6
4531,1,177.7
4532,33,0.84
4533,1,1.96
4534,33,0
4535,32,0.08
4536,33,0.57
4537,32,0.19
4538,1,29.62
4539,1,5.76
4540,33,0
4541,32,0.42
4542,33,0.13
4543,32,0
4544,1,71.79
4545,33,0.4
4546,32,0
4547,33,0
4548,32,0.24
4549,33,0.14
4550,32,0
4551,33,0
4552,1,5.11
4553,32,0
4554,33,0.8
4555,32,0
4556,33,0
4557,32,0.19
4558,33,0.53
4559,32,0.1
4560,1,148.77
4561,1,1232.31
4562,33,0
4563,32,0.8
4564,1,855.5
4565,33,0
4566,32,0.08
4567,33,0
4568,32,0.32
4569,33,0
4570,32,0
4571,1,2.8
4572,33,0
4573,1,1.5
4574,32,0.3
4575,33,0.18
4576,32,0
4577,1,1.8
4578,33,0
4579,1,1.6
4580,32,0.1
4581,33,0
4582,32,0
4583,33,0
4584,1,58.84
4585,32,0.72
4586,33,0
4587,32,0
4588,33,0.43
4589,32,0
4590,33,0
4591,33,0
4592,32,0
4593,33,0.5
4594,32,0.26
4595,1,77.56
4596,33,0.24
4597,32,0.35
4598,33,0.2
4599,32,0
4600,33,0
4601,32,0
4602,33,0.38
4603,1,167.62
4604,32,0
4605,1,2.16
4606,33,0
4607,32,0.5
4608,33,0
4609,32,0
4610,33,0
4611,32,0.07
4612,33,0.26
4613,32,0.59
4614,33,0
4615,32,0.3
4616,33,0.22
4617,32,0.13
4618,33,0.1
4619,32,0.56
4620,33,0
4621,32,0.18
4622,1,1.97
4623,33,0
4624,32,0
4625,33,0
4626,1,49.48
4627,32,0.78
4628,33,0
4629,32,0.3
4630,33,0
4631,32,0.53
4632,1,343.9
4633,33,0
4634,32,0.36
4635,33,0.4
4636,1,96.66
4637,32,0.58
4638,33,0
4639,1,7.16
4640,32,0.3
4641,33,0
4642,33,0.22
4643,32,0
4644,33,0
4645,1,0.99
4646,32,0.13
4647,33,0.6
4648,32,0.14
4649,33,0.14
4650,32,0
4651,33,0.08
4652,32,0.84
4653,33,0
4654,32,0
4655,33,0
4656,32,0
4657,33,0
4658,32,0
4659,1,1008.91
4660,1,69.25
4661,1,1.02
4662,33,0
4663,32,0
4664,33,0.06
4665,32,0.48
4666,33,0
4667,32,0
4668,33,0
4669,32,0
4670,33,0.32
4671,32,0
4672,33,0.08
4673,32,0.19
4674,1,149.37
4675,1,3.14
4676,33,0
4677,1,4.8
4678,1,5.42
4679,32,0.88
4680,33,0
4681,32,0
4682,33,0
4683,32,0.13
4684,33,0
4685,32,0
4686,33,0
4687,1,780.86
4688,32,0
4689,1,1.7
4690,33,0
4691,32,0.7
4692,33,0
4693,32,0.34
4694,1,7.32
4695,33,0
4696,1,7.68
4697,32,0
4698,33,0
4699,33,0
4700,32,0.32
4701,33,0
4702,32,0
4703,1,3
4704,33,0
4705,32,0
4706,33,0.85
4707,1,1.5
4708,32,0
4709,1,1.76
4710,33,0
4711,32,0
4712,33,0.5
4713,32,0
4714,33,0.24
4715,32,0
4716,33,0
4717,1,254.07
4718,32,0.14
4719,33,0.16
4720,1,17.28
4721,1,3.2
4722,32,0.18
4723,33,0
4724,32,0
4725,33,0
4726,32,0.19
4727,33,0.08
4728,32,0
4729,33,0.06
4730,32,0.56
4731,1,198.17
4732,33,0
4733,1,1.4
4734,32,0
4735,33,0
4736,32,0
4737,33,0
4738,32,0
4739,33,0.13
4740,32,0
4741,1,1.4
4742,33,0
4743,32,0
4744,33,0
4745,32,0
4746,33,0
4747,32,0
4748,1,1.48
4749,1,14.52
4750,1,1.24
4751,33,0
4752,32,0.3
4753,33,0
4754,33,0.72
4755,32,0.43
4756,33,0
4757,32,0.48
4758,33,0.4
4759,32,0
4760,33,0
4761,32,0
4762,33,0
4763,32,0
4764,33,0
4765,1,629.54
4766,32,0
4767,33,0.1
4768,1,1.08
4769,32,0
4770,33,0
4771,32,0
4772,33,0.29
4773,32,0
4774,33,0
4775,32,0.13
4776,1,82.88
4777,1,1.91
4778,1,1.6
4779,1,351.22
4780,1,68.59
4781,1,1.82
4782,33,0
4783,32,0.08
4784,33,0
4785,32,0
4786,33,0.3
4787,1,501.2
4788,32,0
4789,33,0.26
4790,32,0.08
4791,33,0.77
4792,32,0
4793,33,0
4794,32,0
4795,33,0
4796,32,0
4797,33,0
4798,32,0.1
4799,33,0.21
4800,32,0
4801,1,2.58
4802,33,0.24
4803,32,0.13
4804,33,0
4805,1,3.66
4806,32,0
4807,1,52.62
4808,33,0.24
4809,33,0
4810,32,0.9
4811,33,0.64
4812,32,0
4813,33,0
4814,1,530.32
4815,32,0.66
4816,33,0
4817,32,0.56
4818,33,0
4819,1,1.5
4820,32,0
4821,33,0
4822,32,0
4823,33,0.11
4824,32,0.19
4825,1,1.81
4826,1,2.25
4827,33,0
4828,32,0.35
4829,33,0
4830,32,0
4831,33,0
4832,32,0
4833,1,88.65
4834,1,31.57
4835,33,0
4836,32,0.56
4837,1,4
4838,33,0
4839,32,0.32
4840,33,0
4841,32,0.06
4842,33,0
4843,32,0.86
4844,1,3.36
4845,33,0
4846,1,3.36
4847,1,1.8
4848,32,0
4849,33,0.29
4850,32,0
4851,33,0
4852,32,0
4853,33,0
4854,32,0
4855,33,0
4856,32,0
4857,1,2.48
4858,33,0
4859,1,3.14
4860,32,0
4861,33,0
4862,1,3.15
4863,32,0
4864,33,0.18
4865,32,0.69
4866,33,0
4867,33,0
4868,32,0
4869,33,0.4
4870,32,0
4871,33,0
4872,32,0.14
4873,33,0
4874,32,0.08
4875,33,0.13
4876,32,0
4877,33,0
4878,32,0.18
4879,33,0
4880,32,0
4881,33,0
4882,32,0.29
4883,33,0
4884,32,0
4885,1,1.52
4886,33,0
4887,1,3.46
4888,32,0.24
4889,33,0
4890,32,0.1
4891,33,0
4892,32,0.1
4893,33,0
4894,1,12.68
4895,32,0
4896,33,0
4897,32,0
4898,33,0
4899,32,0.6
4900,1,1.06
4901,33,0.16
4902,1,1.22
4903,32,0
4904,33,0
4905,32,0.42
4906,33,0.08
4907,32,0.8
4908,33,0
4909,1,13.6
4910,32,0
4911,1,333.15
4912,1,1.68
4913,33,0.88
4914,32,0
4915,33,0.32
4916,32,0.72
4917,33,0.68
4918,33,0
4919,32,0.13
4920,1,102.24
4921,1,170.87
4922,33,0
4923,32,0
4924,33,0
4925,32,0.06
4926,33,0
4927,32,0
4928,33,0
4929,32,0.6
4930,33,0.2
4931,32,0
4932,33,0
4933,32,0.06
4934,33,0
4935,32,0
4936,33,0
4937,32,0
4938,33,0
4939,32,0
4940,33,0
4941,32,0.96
4942,33,0
4943,1,1.44
4944,1,576.13
4945,32,0
4946,33,0.92
4947,32,0
4948,33,0
4949,32,0
4950,33,0.8
4951,1,297.63
4952,32,0
4953,33,0
4954,32,0
4955,33,0.48
4956,32,0
4957,33,0
4958,32,0
4959,33,0
4960,32,0.4
4961,33,0.48
4962,32,0.8
4963,33,0.18
4964,32,0
4965,33,0
4966,33,0.32
4967,1,1.28
4968,32,0
4969,33,0.3
4970,32,0.22
4971,33,0.2
4972,1,8.96
4973,32,0
4974,33,0
4975,32,0.29
4976,33,0
4977,1,1.68
4978,32,0
4979,33,0
4980,1,32.46
4981,32,0
4982,33,0.4
4983,32,0
4984,33,0
4985,32,0.14
4986,33,0.1
4987,32,0.8
4988,33,0.22
4989,1,7.2
4990,32,0.5
4991,33,0
4992,32,0.95
4993,33,0
4994,32,0
4995,33,0
4996,32,0
4997,33,0
4998,32,0
4999,1,135.88
5000,33,0
5001,32,0
5002,33,0
5003,32,0.12
5004,33,0.07
5005,1,334.18
5006,32,0
5007,33,0.77
5008,32,0.32
5009,1,7.9
5010,33,0
5011,32,0
5012,33,0.6
5013,32,0
5014,33,0
5015,32,0.25
5016,1,1.42
5017,33,0
5018,1,3.36
5019,32,0
5020,33,0
5021,1,1
5022,33,0
5023,32,0
5024,33,0
5025,32,0
5026,33,0.34
5027,1,1.8
5028,1,4.59
5029,32,0.32
5030,1,1.28
5031,33,0.6
5032,32,0
5033,33,0.13
5034,1,1.6
5035,32,0.72
5036,1,1.8
5037,33,0
5038,32,0
5039,1,1.28
5040,33,0.1
5041,32,0
5042,33,0.96
5043,32,0
5044,1,4
5045,33,0
5046,32,0
5047,33,0
5048,32,0.28
5049,33,0.35
5050,32,0.16
5051,33,0
5052,32,0.4
5053,33,0
5054,32,0.8
5055,33,0
5056,32,0.08
5057,33,0
5058,32,0.19
5059,33,0
5060,32,0.69
5061,33,0.54
5062,1,525.28
5063,32,0
5064,1,2.16
5065,33,0.48
5066,32,0
5067,33,0.35
5068,1,1.6
5069,32,0
5070,33,0
5071,32,0
5072,33,0
5073,32,0.5
5074,33,0
5075,33,0
5076,32,0
5077,33,0.37
5078,32,0.4
5079,1,4.87
5080,33,0.48
5081,32,0
5082,1,9.24
5083,33,0
5084,32,0
5085,33,0.26
5086,32,0
5087,33,0
5088,32,0
5089,33,0
5090,32,0
5091,33,0
5092,32,0
5093,1,198.16
5094,1,2.3
5095,33,0
5096,32,0.8
5097,33,0
5098,1,128.5
5099,32,0.35
5100,33,0
5101,32,0
5102,33,0
5103,32,0.09
5104,33,0
5105,1,1.82
5106,32,0
5107,33,0
5108,32,0
5109,33,0.19
5110,32,0.8
5111,33,0.2
5112,32,0.48
5113,1,2.8
5114,33,0
5115,1,2.08
5116,32,0
5117,33,0
5118,32,0
5119,33,0
5120,32,0.6
5121,1,3.6
5122,33,0
5123,32,0.13
5124,33,0
5125,1,14.4
5126,32,0
5127,33,0
5128,32,0
5129,33,0
5130,1,2.4
5131,1,2.38
5132,33,0
5133,32,0.56
5134,33,0
5135,32,0
5136,33,0.12
5137,32,0.1
5138,33,0.08
5139,1,2.46
5140,32,0
5141,33,0.48
5142,32,0
5143,33,0
5144,32,0.53
5145,33,0
5146,32,0
5147,33,0
5148,32,0
5149,33,0
5150,32,0
5151,1,1.2
5152,1,106.55
5153,1,1.08
5154,33,0
5155,32,0
5156,33,0
5157,32,0
5158,1,22.08
5159,33,0.13
5160,32,0.18
5161,33,0
5162,32,0
5163,1,464
5164,1,4
5165,1,1299.81
5166,33,0
5167,1,1.01
5168,32,0
5169,33,0
5170,32,0.08
5171,33,0
5172,1,4.16
5173,32,0
5174,1,7.84
5175,33,0
5176,32,0.16
5177,33,0
5178,32,0
5179,33,0
5180,1,2.8
5181,32,0
5182,33,0.27
5183,1,5.2
5184,32,0.24
5185,1,25.31
5186,33,0
5187,32,0
5188,33,0.14
5189,33,0
5190,1,4.26
5191,1,1.24
5192,1,1143.34
5193,32,0.72
5194,33,0
5195,32,0
5196,1,1.79
5197,33,0
5198,32,0.08
5199,33,0
5200,32,0
5201,33,0
5202,32,0
5203,33,0
5204,32,0.06
5205,33,0
5206,32,0
5207,33,0
5208,32,0.06
5209,33,0.3
5210,1,1.88
5211,32,0.16
5212,1,823.09
5213,33,0.08
5214,32,0.28
5215,33,0.4
5216,32,0
5217,33,0
5218,32,0
5219,33,0.16
5220,32,0.3
5221,33,0
5222,32,0.34
5223,1,1.68
5224,1,2.78
5225,1,1.2
5226,33,0.46
5227,32,0
5228,33,0.22
5229,32,0
5230,33,0
5231,32,0.32
5232,33,0
5233,1,295.78
5234,32,0
5235,33,0.16
5236,1,36.02
5237,32,0
5238,33,0
5239,32,0
5240,33,0.12
5241,32,0
5242,33,0
5243,1,1.33
5244,33,0
5245,32,0.13
5246,1,35.2
5247,33,0
5248,32,0
5249,33,0
5250,32,0.36
5251,33,0
5252,32,0
5253,33,0
5254,32,0.83
5255,33,0.33
5256,1,1
5257,32,0
5258,33,0.16
5259,32,0.48
5260,33,0.14
5261,32,0.22
5262,1,1.89
5263,33,0
5264,32,0.72
5265,33,0
5266,32,0
5267,33,0
5268,32,0
5269,33,0
5270,1,147.62
5271,32,0.14
5272,33,0.22
5273,32,0
5274,33,0
5275,32,0
5276,33,0
5277,32,0
5278,33,0
5279,32,0.16
5280,1,1.28
5281,33,0.56
5282,32,0
5283,33,0.8
5284,1,5.84
5285,32,0
5286,33,0
5287,32,0
5288,33,0
5289,32,0
5290,33,0
5291,32,0
5292,1,3.2
5293,33,0.3
5294,32,0
5295,33,0.2
5296,33,0
5297,1,10.5
5298,32,0
5299,1,74.2
5300,33,0
5301,32,0
5302,33,0.48
5303,32,0.08
5304,33,0
5305,32,0.16
5306,33,0
5307,32,0
5308,33,0
5309,32,0
5310,33,0
5311,1,1.12
5312,32,0
5313,33,0
5314,32,0
5315,33,0.4
5316,32,0.24
5317,33,0.32
5318,32,0
5319,1,33.61
5320,33,0
5321,32,0
5322,33,0.19
5323,32,0
5324,33,0.5
5325,1,2.64
5326,32,0
5327,33,0
5328,32,0.24
5329,33,0.2
5330,32,0.1
5331,1,2.56
5332,1,37.84
5333,33,0.12
5334,32,0
5335,33,0.48
5336,32,0
5337,33,0
5338,32,0
5339,33,0.64
5340,32,0
5341,33,0
5342,32,0.25
5343,1,1.28
5344,33,0
5345,32,0
5346,33,0
5347,33,0.8
5348,32,0
5349,1,2.11
5350,33,0.1
5351,32,0
5352,33,0
5353,1,583.63
5354,32,0
5355,33,0
5356,1,1.2
5357,32,0
5358,33,0
5359,1,1257.3
5360,32,0.12
5361,33,0
5362,32,0
5363,1,171.33
5364,33,0.08
5365,32,0
5366,33,0.24
5367,32,0
5368,33,0
5369,1,97.05
5370,32,0
5371,33,0
5372,32,0
5373,33,0.4
5374,32,0.56
5375,33,0.16
5376,32,0.7
5377,33,0
5378,32,0.2
5379,33,0
5380,32,0
5381,1,6.88
5382,33,0.08
5383,1,53.35
5384,32,0
5385,33,0.1
5386,1,9.93
5387,32,0
5388,33,0.24
5389,1,848.78
5390,32,0
5391,33,0.7
5392,32,0.08
5393,1,25.45
5394,1,1.15
5395,33,0.24
5396,32,0.72
5397,33,0.39
5398,1,1.78
5399,32,0.09
5400,33,0
5401,1,1.2
5402,32,0
5403,1,2.92
5404,1,1.15
5405,33,0.8
5406,33,0.13
5407,32,0.16
5408,33,0.8
5409,1,108.51
5410,32,0
5411,33,0.48
5412,32,0.85
5413,33,0
5414,32,0
5415,33,0
5416,1,1.6
5417,1,1.34
5418,32,0.18
5419,33,0.88
5420,1,88.9
5421,32,0
5422,33,0.19
5423,1,37.6
5424,32,0.54
5425,1,23.7
5426,33,0
5427,32,0
5428,1,1.12
5429,33,0
5430,32,0.4
5431,1,205.23
5432,33,0.14
5433,32,0
5434,33,0
5435,32,0
5436,1,1.1
5437,33,0
5438,1,1336.57
5439,32,0
5440,33,0.96
5441,32,0.47
5442,1,227.29
5443,33,0
5444,32,0.38
5445,1,14.34
5446,1,1.12
5447,33,0
5448,32,0.26
5449,1,1.74
5450,33,0
5451,1,1.6
5452,1,1.7
5453,32,0.16
5454,33,0
5455,32,0
5456,1,3.2
5457,33,0.2
5458,32,0.48
5459,33,0
5460,32,0
5461,33,0.12
5462,32,0.56
5463,33,0.5
5464,1,2.24
5465,32,0
5466,33,0
5467,1,328.11
5468,32,0
5469,33,0.56
5470,1,6.4
5471,33,0
5472,32,0
5473,33,0
5474,32,0.32
5475,33,0
5476,32,0
5477,33,0
5478,32,0.32
5479,33,0
5480,1,20.98
5481,32,0
5482,33,0
5483,32,0
5484,33,0
5485,32,0
5486,1,80.22
5487,33,0
5488,32,0.2
5489,33,0.7
5490,32,0.18
5491,33,0
5492,32,0
5493,33,0
5494,32,0
5495,33,0
5496,32,0
5497,33,0
5498,32,0
5499,33,0
5500,32,0
5501,1,1.06
5502,1,1.7
5503,33,0
5504,32,0
5505,33,0
5506,32,0.8
5507,33,0
5508,32,0
5509,1,2.8
5510,33,0.64
5511,1,1.65
5512,32,0.75
5513,1,2.59
5514,33,0
5515,32,0
5516,33,0.32
5517,32,0.09
5518,33,0
5519,32,0
5520,1,91.73
5521,33,0.96
5522,33,0
5523,32,0.36
5524,33,0
5525,32,0.24
5526,1,173.76
5527,33,0
5528,32,0
5529,1,1.31
5530,33,0.48
5531,32,0
5532,33,0.42
5533,1,1.63
5534,1,1.04
5535,32,0.24
5536,33,0
5537,32,0.3
5538,33,0.2
5539,32,0.67
5540,33,0.24
5541,32,0.26
5542,33,0.65
5543,32,0
5544,33,0.22
5545,32,0.06
5546,33,0
5547,32,0.24
5548,33,0.08
5549,32,0.19
5550,1,3.66
5551,1,4.4
5552,33,0.24
5553,32,0
5554,33,0
5555,1,4.15
5556,1,3.6
5557,32,0
5558,33,0
5559,32,0
5560,33,0
5561,32,0
5562,33,0.21
5563,1,62.25
5564,32,0
5565,1,1.7
5566,1,136.5
5567,33,0
5568,32,0
5569,33,0.08
5570,32,0.42
5571,33,0
5572,32,0
5573,33,0.08
5574,32,0.42
5575,33,0.84
5576,32,0.08
5577,33,0.06
5578,33,0
5579,32,0
5580,33,0
5581,32,0
5582,33,0.64
5583,32,0.09
5584,1,9.84
5585,33,0
5586,32,0
5587,33,0
5588,32,0.8
5589,33,0
5590,1,635.51
5591,32,0
5592,1,282.29
5593,33,0
5594,32,0
5595,33,0
5596,1,1.02
5597,1,1.2
5598,32,0.48
5599,33,0
5600,32,0
5601,33,0
5602,32,0
5603,33,0
5604,32,0.08
5605,1,415.69
5606,1,84.89
5607,33,0.44
5608,32,0.4
5609,33,0
5610,32,0
5611,1,56.66
5612,33,0.06
5613,32,0
5614,33,0
5615,32,0
5616,1,29.23
5617,33,0
5618,32,0.08
5619,33,0
5620,32,0
5621,1,27.69
5622,1,2.16
5623,1,7.2
5624,33,0.32
5625,32,0
5626,33,0
5627,32,0
5628,33,0
5629,32,0.8
5630,33,0.1
5631,32,0.7
5632,1,250.53
5633,33,0.8
5634,33,0
5635,1,1.12
5636,1,196.38
5637,32,0
5638,33,0
5639,32,0.07
5640,33,0
5641,32,0.36
5642,33,0.24
5643,32,0
5644,33,0
5645,32,0
5646,1,11.41
5647,1,231.61
5648,33,0.4
5649,32,0
5650,33,0
5651,32,0
5652,33,0
5653,32,0
5654,1,5.76
5655,33,0.8
5656,32,0
5657,33,0.22
5658,32,0
5659,33,0
5660,32,0
5661,33,0.16
5662,32,0
5663,1,1.12
5664,1,2.2
5665,33,0
5666,1,3.54
5667,32,0.16
5668,33,0
5669,32,0.25
5670,33,0.4
5671,32,0.5
5672,33,0.06
5673,32,0.6
5674,33,0
5675,32,0
5676,33,0
5677,1,1.62
5678,32,0
5679,33,0
5680,32,0
5681,33,0.25
5682,32,0.54
5683,33,0
5684,32,0.84
5685,33,0
5686,33,0
5687,32,0
5688,33,0.12
5689,32,0
5690,33,0.1
5691,32,0.56
5692,33,0
5693,32,0
5694,33,0.09
5695,32,0
5696,33,0
5697,32,0.29
5698,33,0
5699,1,57.24
5700,32,0.22
5701,1,49.01
5702,1,40.52
5703,33,0
5704,32,0
5705,33,0
5706,32,0
5707,1,1.49
5708,1,2.24
5709,33,0.6
5710,32,0.18
5711,33,0.36
5712,1,1.56
5713,32,0.09
5714,1,32.87
5715,33,0
5716,1,29.4
5717,32,0.24
5718,33,0.96
5719,32,0
5720,33,0
5721,32,0
5722,1,1.6
5723,33,0.09
5724,32,0
5725,33,0
5726,1,55.88
5727,32,0.4
5728,33,0
5729,32,0.94
5730,33,0
5731,32,0.9
5732,33,0
5733,32,0
5734,33,0
5735,32,0
5736,33,0.09
5737,32,0.8
5738,1,43.45
5739,33,0
5740,32,0.7
5741,1,6.86
5742,1,1.92
5743,33,0.74
5744,33,0
5745,32,0.1
5746,1,1.05
5747,33,0.08
5748,32,0
5749,33,0.95
5750,32,0
5751,33,0.84
5752,32,0
5753,33,0
5754,1,59.02
5755,32,0.48
5756,33,0.7
5757,32,0
5758,33,0
5759,32,0.08
5760,33,0
5761,32,0.06
5762,33,0.24
5763,32,0.25
5764,33,0.64
5765,32,0
5766,1,2.7
5767,33,0
5768,32,0
5769,33,0
5770,32,0
5771,1,224.35
5772,33,0
5773,1,2.56
5774,32,0
5775,33,0.26
5776,32,0
5777,33,0
5778,32,0
5779,33,0.26
5780,1,1139.02
5781,1,341.78
5782,32,0
5783,33,0.1
5784,32,0
5785,1,68.92
5786,33,0
5787,32,0
5788,33,0.67
5789,1,1.12
5790,1,1.2
5791,32,0
5792,33,0.28
5793,32,0
5794,33,0
5795,32,0
5796,33,0
5797,1,1.68
5798,33,0.08
5799,32,0.83
5800,33,0
5801,32,0
5802,33,0
5803,32,0
5804,1,614.57
5805,1,2.88
5806,33,0
5807,32,0
5808,1,822.08
5809,1,55.21
5810,33,0
5811,32,0
5812,33,0.4
5813,1,2.88
5814,1,1.28
5815,32,0.43
5816,33,0.16
5817,32,0
5818,33,0.24
5819,32,0
5820,33,0.17
5821,32,0
5822,33,0.48
5823,1,405.41
5824,1,297.42
5825,32,0
5826,1,1.6
5827,33,0
5828,32,0
5829,33,0
5830,32,0.16
5831,33,0.22
5832,32,0
5833,33,0.1
5834,1,1.62
5835,32,0
5836,33,0.38
5837,1,44.54
5838,32,0
5839,33,0.25
5840,32,0
5841,33,0
5842,32,0.53
5843,1,1.76
5844,33,0.26
5845,32,0
5846,33,0.3
5847,32,0.07
5848,33,0
5849,32,0
5850,33,0
5851,32,0
5852,33,0
5853,33,0.09
5854,32,0
5855,33,0
5856,1,1.15
5857,1,71.12
5858,1,18.16
5859,32,0
5860,33,0
5861,32,0.1
5862,33,0
5863,32,0.8
5864,33,0
5865,1,16.52
5866,32,0.91
5867,33,0
5868,32,0
5869,1,265.58
5870,33,0
5871,1,3
5872,1,5.76
5873,32,0
5874,33,0
5875,32,0.12
5876,1,1.06
5877,33,0
5878,32,0.16
5879,33,0
5880,32,0.4
5881,1,1.4
5882,1,247.7
5883,33,0.16
5884,32,0.11
5885,33,0.75
5886,1,3.2
5887,1,28.8
5888,32,0.8
5889,33,0
5890,32,0.22
5891,33,0
5892,32,0
5893,1,7.84
5894,33,0
5895,32,0
5896,33,0.3
5897,32,0
5898,33,0
5899,32,0.1
5900,33,0
5901,1,1185.34
5902,32,0
5903,33,0
5904,32,0.06
5905,33,0.16
5906,32,0
5907,33,0.18
5908,32,0
5909,33,0.69
5910,1,0.98
5911,1,1.42
5912,32,0
5913,33,0.66
5914,33,0
5915,32,0
5916,33,0.1
5917,32,0
5918,1,223.27
5919,1,2.56
5920,33,0
5921,32,0
5922,33,0.3
5923,32,0
5924,1,4.44
5925,33,0
5926,32,0
5927,33,0
5928,1,1.68
5929,32,0
5930,33,0
5931,32,0
5932,1,1.2
5933,33,0.25
5934,32,0
5935,33,0.58
5936,32,0
5937,1,1.81
5938,33,0
5939,1,1.06
5940,32,0
5941,33,0.14
5942,1,1.28
5943,32,0
5944,33,0.4
5945,32,0
5946,33,0
5947,32,0
5948,33,0
5949,1,2.56
5950,1,2.86
5951,1,1.1
5952,32,0.28
5953,1,9.6
5954,33,0.12
5955,1,2.4
5956,32,0.3
5957,33,0.14
5958,32,0
5959,33,0
5960,1,2.94
5961,32,0.18
5962,33,0
5963,1,2
5964,1,5.6
5965,32,0
5966,33,0.96
5967,32,0.5
5968,33,0.5
5969,1,173.47
5970,32,0
5971,33,0.38
5972,32,0.22
5973,33,0
5974,33,0
5975,32,0.14
5976,33,0
5977,32,0.06
5978,1,1.12
5979,33,0.4
5980,32,0
5981,33,0.92
5982,32,0.06
5983,33,0.24
5984,32,0.24
5985,33,0.32
5986,32,0
5987,33,0.16
5988,32,0
5989,33,0
5990,1,199.58
5991,32,0
5992,33,0.18
5993,1,1.2
5994,1,89.28
5995,1,1.12
5996,32,0
5997,1,1.02
5998,33,0
5999,1,87.24
6000,1,1183.01
6001,1,5.16
6002,32,0.35
6003,33,0
6004,32,0
6005,33,0.94
6006,32,0.18
6007,33,0
6008,1,631.32
6009,32,0
6010,33,0.22
6011,32,0.24
6012,33,0.4
6013,32,0.08
6014,33,0
6015,32,0.24
6016,33,0.24
6017,32,0.1
6018,1,2.4
6019,33,0.29
6020,32,0
6021,33,0.26
6022,1,370.64
6023,1,2.67
6024,32,0.24
6025,1,1.92
6026,33,0
6027,32,0
6028,33,0.22
6029,32,0.07
6030,33,0
6031,33,0
6032,32,0.25
6033,33,0
6034,32,0
6035,1,264.79
6036,33,0.58
6037,32,0
6038,1,1.45
6039,33,0
6040,1,3.04
6041,1,1.78
6042,1,428.82
6043,32,0
6044,33,0
6045,32,0.48
6046,33,0.8
6047,32,0
6048,33,0
6049,32,0.32
6050,33,0.18
6051,32,0.59
6052,33,0.06
6053,32,0.11
6054,33,0
6055,32,0
6056,33,0
6057,1,25.27
6058,32,0
6059,33,0.25
6060,32,0.06
6061,1,7.2
6062,33,0
6063,32,0.6
6064,1,1.5
6065,33,0
6066,32,0.13
6067,33,0
6068,32,0.08
6069,33,0
6070,32,0
6071,33,0
6072,1,1.44
6073,32,0.24
6074,33,0.1
6075,32,0
6076,33,0
6077,32,0
6078,33,0.16
6079,1,32.08
6080,1,60.53
6081,32,0
6082,33,0
6083,1,91.35
6084,32,0.3
6085,33,0.4
6086,32,0
6087,1,1.87
6088,33,0.2
6089,1,2
6090,33,0
6091,32,0.28
6092,33,0.09
6093,32,0.19
6094,1,5.6
6095,33,0.48
6096,32,0
6097,33,0.32
6098,1,52.2
6099,32,0.13
6100,33,0.48
6101,32,0
6102,1,813.76
6103,1,2.64
6104,33,0.08
6105,32,0.7
6106,1,125.55
6107,33,0.3
6108,32,0
6109,33,0.67
6110,32,0
6111,33,0
6112,32,0
6113,1,66.79
6114,33,0.22
6115,32,0.32
6116,33,0
6117,32,0.16
6118,1,366.33
6119,33,0
6120,1,2.4
6121,32,0.08
6122,33,0.32
6123,1,419
6124,32,0
6125,33,0.25
6126,32,0
6127,33,0
6128,32,0
6129,33,0.06
6130,32,0
6131,33,0
6132,1,2
6133,1,1.44
6134,32,0
6135,33,0
6136,32,0
6137,33,0
6138,1,1.2
6139,32,0.47
6140,33,0.18
6141,32,0
6142,33,0
6143,1,38.46
6144,32,0
6145,33,0.32
6146,33,0
6147,1,1195.59
6148,32,0
6149,1,1.67
6150,1,1.01
6151,33,0.8
6152,32,0
6153,1,1.2
6154,33,0.1
6155,32,0.2
6156,1,1.85
6157,1,2.4
6158,33,0.14
6159,32,0
6160,1,3.36
6161,33,0
6162,32,0.13
6163,33,0
6164,1,2.2
6165,1,1.28
6166,32,0.22
6167,33,0
6168,32,0
6169,33,0
6170,1,1.6
6171,32,0
6172,33,0
6173,32,0
6174,33,0.36
6175,1,1.06
6176,32,0.24
6177,33,0.24
6178,32,0
6179,33,0.19
6180,1,393.91
6181,32,0.25
6182,1,1.12
6183,33,0
6184,32,0
6185,1,2.1
6186,33,0.14
6187,32,0.32
6188,33,0
6189,32,0
6190,33,0
6191,32,0
6192,33,0.1
6193,32,0
6194,1,334.7
6195,1,77.73
6196,33,0
6197,32,0
6198,33,0
6199,32,0.08
6200,33,0
6201,32,0.14
6202,33,0.4
6203,32,0.34
6204,1,1.2
6205,33,0
6206,1,1.68
6207,32,0
6208,33,0
6209,33,0
6210,32,0
6211,33,0.08
6212,1,1.56
6213,32,0.24
6214,33,0
6215,1,1.42
6216,32,0
6217,1,8.74
6218,33,0
6219,32,0.2
6220,33,0
6221,32,0.21
6222,33,0
6223,1,4.32
6224,32,0
6225,33,0.38
6226,32,0
6227,33,0
6228,32,0
6229,33,0
6230,32,0.22
6231,33,0.12
6232,32,0
6233,33,0
6234,32,0
6235,33,0
6236,32,0
6237,33,0
6238,32,0
6239,33,0
6240,1,1.79
6241,32,0.38
6242,33,0.7
6243,32,0
6244,33,0
6245,32,0
6246,33,0
6247,1,284.3
6248,32,0.32
6249,33,0
6250,32,0.24
6251,33,0.06
6252,32,0.1
6253,33,0
6254,32,0.21
6255,33,0
6256,1,652.33
6257,32,0
6258,33,0
6259,33,0.18
6260,1,17.14
6261,32,0
6262,33,0.1
6263,32,0
6264,33,0
6265,32,0
6266,33,0
6267,32,0
6268,33,0.11
6269,32,0
6270,33,0
6271,32,0
6272,33,0
6273,32,0.2
6274,1,1.3
6275,33,0.58
6276,32,0
6277,33,0
6278,1,211.24
6279,32,0
6280,33,0.22
6281,32,0
6282,33,0.7
6283,32,0
6284,33,0.06
6285,32,0.09
6286,33,0
6287,32,0
6288,33,0
6289,32,0
6290,33,0
6291,32,0
6292,33,0
6293,32,0.08
6294,33,0.32
6295,32,0
6296,33,0
6297,32,0
6298,33,0
6299,1,2.9
6300,32,0
6301,33,0
6302,32,0.4
6303,33,0.26
6304,32,0.16
6305,33,0
6306,33,0.06
6307,32,0
6308,1,1.3
6309,1,24.37
6310,33,0
6311,32,0
6312,33,0
6313,32,0.1
6314,33,0.6
6315,32,0.3
6316,33,0.36
6317,32,0.06
6318,1,14.52
6319,33,0
6320,32,0
6321,1,1.2
6322,33,0
6323,32,0
6324,33,0
6325,1,722.27
6326,32,0
6327,33,0.1
6328,32,0.24
6329,33,0.43
6330,1,2.2
6331,1,1.12
6332,32,0
6333,33,0
6334,32,0.6
6335,33,0.8
6336,1,64.65
6337,32,0.48
6338,33,0.58
6339,32,0.5
6340,33,0
6341,32,0
6342,33,0.13
6343,32,0.08
6344,1,8.16
6345,33,0.16
6346,32,0.18
6347,33,0.25
6348,32,0
6349,33,0
6350,32,0.4
6351,33,0
6352,32,0
6353,33,0
6354,32,0
6355,33,0
6356,1,20.44
6357,1,3.76
6358,32,0
6359,1,16.14
6360,33,0
6361,32,0
6362,33,0.7
6363,33,0.08
6364,1,10.08
6365,32,0
6366,1,1.12
6367,1,3.16
6368,1,237.56
6369,33,0.08
6370,32,0
6371,33,0
6372,1,221.09
6373,32,0.27
6374,1,1.56
6375,33,0
6376,32,0
6377,33,0
6378,32,0.8
6379,33,0
6380,32,0.56
6381,33,0.13
6382,1,0.97
6383,32,0.49
6384,33,0.1
6385,1,297.54
6386,32,0
6387,33,0
6388,32,0.07
6389,33,0
6390,32,0.46
6391,33,0.3
6392,1,1.44
6393,1,75.65
6394,32,0.5
6395,33,0
6396,32,0.13
6397,33,0.8
6398,32,0.24
6399,33,0
6400,32,0
6401,33,0
6402,32,0
6403,33,0
6404,32,0.6
6405,33,0
6406,1,2.94
6407,32,0
6408,33,0
6409,32,0.8
6410,33,0.4
6411,32,0.8
6412,33,0
6413,32,0
6414,33,0
6415,32,0
6416,33,0
6417,1,15.51
6418,1,1.93
6419,1,8.85
6420,1,4.32
6421,33,0
6422,32,0
6423,33,0.6
6424,32,0.4
6425,33,0
6426,32,0.08
6427,33,0
6428,1,40.3
6429,32,0
6430,33,0
6431,32,0
6432,33,0
6433,32,0
6434,33,0.29
6435,32,0.06
6436,33,0.5
6437,32,0.16
6438,33,0
6439,1,1.03
6440,32,0.06
6441,33,0
6442,32,0
6443,33,0
6444,32,0
6445,33,0
6446,1,47.28
6447,1,1.08
6448,32,0
6449,33,0
6450,32,0
6451,33,0
6452,1,1.2
6453,1,56.53
6454,32,0.32
6455,33,0
6456,32,0.3
6457,33,0.1
6458,32,0
6459,33,0.61
6460,32,0.1
6461,33,0
6462,32,0.2
6463,33,0
6464,32,0
6465,33,0.48
6466,32,0.48
6467,33,0.43
6468,1,22.37
6469,32,0.08
6470,33,0.5
6471,33,0
6472,32,0.41
6473,33,0.26
6474,1,1.6
6475,32,0
6476,33,0
6477,32,0
6478,33,0
6479,1,2
6480,32,0
6481,33,0.24
6482,32,0
6483,33,0
6484,32,0.28
6485,33,0
6486,32,0
6487,33,0.8
6488,32,0
6489,33,0
6490,1,1
6491,1,3.14
6492,32,0.29
6493,33,0.27
6494,32,0.58
6495,1,334.4
6496,1,2.4
6497,33,0
6498,32,0
6499,33,0
6500,32,0.85
6501,33,0
6502,32,0
6503,33,0
6504,32,0
6505,33,0
6506,32,0.07
6507,1,2.64
6508,33,0
6509,32,0.48
6510,33,0.06
6511,32,0.49
6512,33,0.4
6513,32,0.7
6514,33,0
6515,32,0.8
6516,33,0
6517,32,0.48
6518,33,0
6519,32,0
6520,1,35.81
6521,33,0.8
6522,1,105.9
6523,32,0
6524,1,1.24
6525,33,0
6526,33,0.8
6527,32,0
6528,33,0.4
6529,32,0
6530,33,0.6
6531,32,0.32
6532,33,0
6533,32,0.38
6534,33,0
6535,1,56.12
6536,32,0.88
6537,33,0.18
6538,32,0
6539,33,0
6540,32,0.22
6541,33,0
6542,32,0.8
6543,33,0
6544,32,0
6545,33,0
6546,32,0
6547,1,1.5
6548,1,28.21
6549,33,0
6550,32,0.35
6551,33,0.8
6552,32,0
6553,33,0.3
6554,32,0
6555,1,1.44
6556,33,0
6557,32,0.54
6558,33,0
6559,32,0.48
6560,33,0.96
6561,32,0.1
6562,33,0
6563,32,0
6564,33,0
6565,32,0
6566,33,0
6567,32,0.24
6568,1,171.97
6569,33,0.82
6570,32,0.1
6571,1,1059.1
6572,33,0.16
6573,1,3.81
6574,32,0
6575,33,0
6576,1,2.2
6577,1,2.56
6578,33,0
6579,32,0
6580,33,0
6581,32,0.88
6582,1,326.56
6583,33,0
6584,32,0
6585,33,0.8
6586,1,1.9
6587,32,0.16
6588,33,0
6589,32,0.38
6590,33,0
6591,32,0.13
6592,33,0.72
6593,32,0
6594,33,0
6595,32,0
6596,1,6.08
6597,33,0.6
6598,32,0
6599,33,0.28
6600,32,0.8
6601,33,0.26
6602,32,0.09
6603,33,0
6604,32,0
6605,33,0
6606,32,0
6607,33,0
6608,32,0
6609,1,134.7
6610,33,0
6611,32,0
6612,33,0
6613,32,0.25
6614,1,162.69
6615,1,987.69
6616,33,0.96
6617,32,0.07
6618,33,0
6619,32,0.32
6620,33,0.27
6621,32,0
6622,33,0
6623,32,0
6624,1,8.45
6625,33,0
6626,32,0.32
6627,33,0.4
6628,32,0
6629,1,254.84
6630,33,0
6631,33,0.75
6632,32,0
6633,33,0
6634,32,0
6635,1,3
6636,33,0
6637,32,0.6
6638,33,0.92
6639,1,425.13
6640,32,0.48
6641,33,0
6642,32,0
6643,33,0.8
6644,32,0
6645,33,0.1
6646,32,0
6647,33,0.08
6648,32,0
6649,33,0
6650,1,3.36
6651,32,0.4
6652,33,0
6653,32,0
6654,33,0
6655,32,0
6656,1,1.8
6657,33,0
6658,1,1.2
6659,32,0.4
6660,33,0.4
6661,32,0.25
6662,33,0
6663,32,0.26
6664,33,0.14
6665,32,0
6666,33,0
6667,32,0.59
6668,33,0
6669,32,0.19
6670,33,0
6671,32,0.38
6672,33,0.76
6673,32,0
6674,33,0
6675,1,2.25
6676,32,0.1
6677,33,0
6678,32,0
6679,1,1.6
6680,33,0.6
6681,33,0.32
6682,32,0
6683,1,1.4
6684,33,0
6685,32,0.44
6686,33,0.16
6687,32,0
6688,33,0.38
6689,1,1.85
6690,32,0.24
6691,33,0.29
6692,32,0
6693,33,0
6694,32,0
6695,33,0.19
6696,32,0.16
6697,33,0
6698,32,0.16
6699,33,0
6700,32,0
6701,33,0
6702,32,0
6703,33,0
6704,32,0
6705,1,3.84
6706,33,0.32
6707,1,5.12
6708,32,0
6709,33,0.2
6710,32,0
6711,1,2.88
6712,33,0.22
6713,32,0
6714,33,0
6715,32,0
6716,33,0
6717,32,0
6718,1,1.35
6719,33,0
6720,32,0.14
6721,33,0.14
6722,32,0.19
6723,33,0
6724,32,0
6725,1,1.69
6726,33,0.16
6727,32,0.1
6728,1,3.12
6729,33,0.13
6730,32,0
6731,33,0
6732,1,1.92
6733,33,0
6734,32,0
6735,33,0
6736,32,0
6737,33,0
6738,32,0.19
6739,33,0.11
6740,32,0.29
6741,33,0
6742,1,2
6743,32,0.19
6744,33,0
6745,32,0
6746,33,0.64
6747,32,0
6748,1,438.08
6749,33,0
6750,32,0.5
6751,1,5.3
6752,33,0.3
6753,1,2.48
6754,32,0.14
6755,33,0
6756,32,0
6757,33,0.48
6758,1,1.12
6759,32,0.2
6760,33,0.8
6761,32,0
6762,1,502.09
6763,33,0.16
6764,32,0
6765,33,0
6766,32,0
6767,1,255.31
6768,33,0.72
6769,32,0
6770,33,0
6771,32,0.59
6772,33,0
6773,32,0.06
6774,1,4.24
6775,33,0
6776,32,0
6777,1,1.28
6778,33,0.4
6779,32,0.09
6780,33,0
6781,32,0.7
6782,33,0
6783,32,0
6784,33,0.96
6785,32,0.24
6786,33,0
6787,1,2.12
6788,33,0.64
6789,32,0.8
6790,33,0.07
6791,32,0.43
6792,33,0
6793,32,0.07
6794,1,22.37
6795,33,0.35
6796,32,0
6797,33,0
6798,32,0.53
6799,33,0.16
6800,32,0.31
6801,33,0.8
6802,32,0
6803,33,0
6804,32,0.4
6805,33,0.67
6806,32,0
6807,1,71.64
6808,33,0
6809,32,0.13
6810,33,0
6811,1,2.04
6812,1,2.8
6813,32,0.8
6814,33,0
6815,32,0
6816,33,0.36
6817,32,0.19
6818,33,0
6819,32,0.12
6820,33,0.67
6821,32,0
6822,33,0
6823,32,0
6824,33,0
6825,1,46.92
6826,32,0.14
6827,33,0.9
6828,1,235
6829,1,2.3
6830,32,0
6831,33,0.32
6832,1,59.13
6833,32,0
6834,33,0
6835,32,0
6836,1,7
6837,33,0
6838,32,0.54
6839,33,0
6840,1,1.2
6841,33,0
6842,32,0
6843,33,0
6844,32,0.18
6845,33,0.58
6846,32,0
6847,33,0
6848,32,0
6849,33,0.3
6850,1,1.18
6851,32,0
6852,33,0
6853,32,0.12
6854,33,0.45
6855,32,0
6856,33,0
6857,32,0.16
6858,33,0
6859,32,0
6860,33,0
6861,32,0.12
6862,33,0.18
6863,32,0
6864,33,0
6865,32,0.19
6866,33,0
6867,32,0
6868,33,0
6869,32,0.22
6870,1,3.36
6871,33,0
6872,32,0
6873,1,1.6
6874,33,0
6875,32,0
6876,33,0.2
6877,32,0
6878,33,0
6879,32,0.56
6880,33,0.14
6881,32,0
6882,33,0.96
6883,32,0
6884,33,0
6885,32,0
6886,33,0
6887,33,0
6888,32,0.5
6889,33,0.29
6890,32,0.29
6891,33,0
6892,32,0.6
6893,1,3.84
6894,33,0
6895,32,0
6896,33,0
6897,1,18.15
6898,32,0
6899,33,0.48
6900,32,0.3
6901,33,0.8
6902,32,0.53
6903,33,0.1
6904,32,0.44
6905,33,0
6906,32,0.12
6907,33,0
6908,32,0
6909,33,0.06
6910,32,0
6911,33,0
6912,32,0
6913,33,0.3
6914,32,0.84
6915,33,0
6916,32,0
6917,33,0
6918,1,329.26
6919,32,0.13
6920,33,0
6921,32,0.58
6922,1,1.45
6923,33,0.8
6924,32,0.24
6925,33,0
6926,32,0.08
6927,33,0
6928,32,0.29
6929,33,0.5
6930,32,0.36
6931,33,0
6932,32,0.5
6933,33,0
6934,32,0
6935,33,0.08
6936,33,0
6937,32,0
6938,33,0.54
6939,1,3.6
6940,32,0
6941,33,0
6942,1,2
6943,32,0.14
6944,33,0.25
6945,32,0.07
6946,33,0
6947,32,0.5
6948,33,0
6949,32,0.42
6950,1,31.26
6951,33,0
6952,1,180.63
6953,32,0
6954,33,0.19
6955,32,0
6956,33,0.55
6957,1,4.48
6958,32,0
6959,1,5.52
6960,33,0
6961,1,14.56
6962,32,0
6963,33,0.21
6964,32,0
6965,33,0.2
6966,32,0
6967,33,0.24
6968,32,0
6969,33,0.16
6970,32,0
6971,33,0.38
6972,32,0.06
6973,33,0.4
6974,32,0
6975,33,0
6976,1,2.88
6977,32,0
6978,33,0
6979,1,720.08
6980,32,0.39
6981,33,0
6982,1,2.16
6983,1,19.04
6984,1,4.58
6985,32,0
6986,33,0
6987,1,382.59
6988,32,0
6989,33,0
6990,1,5.15
6991,32,0.29
6992,33,0
6993,1,4.32
6994,33,0.32
6995,1,1.75
6996,1,2.4
6997,32,0.3
6998,33,0
6999,32,0
7000,33,0.4
7001,32,0
7002,33,0.26
7003,32,0.25
7004,33,0
7005,32,0.36
7006,33,0
7007,1,196.16
7008,1,3.22
7009,32,0
7010,1,1.24
7011,33,0
7012,32,0.58
7013,1,1.8
7014,1,1.2
7015,33,0.2
7016,32,0.48
7017,33,0.19
7018,32,0
7019,1,2
7020,33,0
7021,32,0.18
7022,33,0.4
7023,32,0.1
7024,33,0.22
7025,1,135.08
7026,32,0
7027,33,0
7028,32,0.77
7029,33,0
7030,1,1.71
7031,32,0
7032,33,0.29
7033,32,0
7034,33,0
7035,32,0.56
7036,1,1.22
7037,33,0
7038,32,0
7039,33,0.8
7040,32,0
7041,33,0.6
7042,32,0
7043,33,0
7044,32,0.56
7045,33,0
7046,1,196.91
7047,32,0
7048,33,0
7049,1,0.97
7050,32,0
7051,33,0.16
7052,33,0
7053,32,0
7054,33,0
7055,32,0.66
7056,33,0.43
7057,32,0.96
7058,33,0
7059,32,0
7060,33,0
7061,1,3.39
7062,32,0
7063,33,0
7064,32,0.24
7065,1,253.6
7066,33,0
7067,32,0
7068,33,0.08
7069,32,0.09
7070,33,0.19
7071,32,0
7072,1,152.38
7073,1,91.45
7074,1,4.89
7075,33,0.24
7076,32,0.13
7077,33,0
7078,1,1.15
7079,32,0
7080,1,122.94
7081,33,0
7082,32,0
7083,33,0.18
7084,32,0.19
7085,1,2.72
7086,33,0.8
7087,32,0
7088,33,0
7089,32,0
7090,33,0
7091,32,0.4
7092,33,0
7093,1,1.6
7094,1,2.24
7095,32,0
7096,33,0
7097,1,136.85
7098,1,25.22
7099,32,0.8
7100,33,0.26
7101,32,0.36
7102,33,0.19
7103,32,0
7104,33,0
7105,32,0.5
7106,33,0
7107,1,3.26
7108,1,140.61
7109,33,0.24
7110,32,0
7111,33,0.1
7112,32,0.34
7113,33,0
7114,32,0.1
7115,33,0
7116,1,44.29
7117,1,2.24
7118,32,0
7119,1,1.25
7120,33,0.8
7121,32,0
7122,33,0
7123,32,0
7124,33,0
7125,1,2
7126,32,0.24
7127,1,19.13
7128,33,0
7129,32,0
7130,33,0
7131,32,0.32
7132,33,0
7133,32,0
7134,1,98.72
7135,33,0.5
7136,32,0
7137,33,0
7138,32,0
7139,33,0
7140,32,0.1
7141,33,0.16
7142,32,0.56
7143,1,1.02
7144,33,0.08
7145,1,3.53
7146,1,1
7147,32,0
7148,33,0
7149,32,0.35
7150,1,2.29
7151,33,0
7152,32,0
7153,33,0
7154,32,0
7155,33,0
7156,1,121.83
7157,32,0.16
7158,1,446.25
7159,33,0
7160,32,0
7161,33,0.12
7162,32,0
7163,33,0
7164,33,0
7165,1,255.73
7166,32,0
7167,33,0
7168,32,0
7169,1,1.2
7170,33,0.29
7171,32,0.4
7172,33,0.25
7173,32,0
7174,33,0
7175,1,4.8
7176,32,0.1
7177,33,0.48
7178,1,1.28
7179,32,0
7180,33,0.96
7181,32,0
7182,33,0
7183,1,1.15
7184,1,3.6
7185,32,0.1
7186,33,0
7187,32,0.18
7188,33,0
7189,32,0
7190,33,0.35
7191,32,0.12
7192,33,0
7193,32,0
7194,33,0
7195,32,0
7196,33,0.7
7197,32,0.6
7198,33,0.61
7199,32,0.76
7200,33,0
7201,32,0
7202,33,0
7203,1,913.74
7204,32,0.14
7205,33,0.54
7206,32,0.6
7207,33,0
7208,32,0.58
7209,33,0
7210,32,0
7211,33,0.5
7212,32,0
7213,33,0
7214,32,0.2
7215,1,1.2
7216,33,0
7217,33,0.64
7218,32,0
7219,1,4.9
7220,33,0
7221,32,0
7222,33,0.92
7223,32,0
7224,33,0
7225,32,0.6
7226,33,0.22
7227,32,0
7228,33,0.43
7229,1,166.54
7230,32,0
7231,33,0
7232,32,0
7233,33,0
7234,32,0.18
7235,33,0.6
7236,32,0.42
7237,33,0.56
7238,32,0
7239,1,58.67
7240,33,0.24
7241,32,0
7242,33,0.4
7243,32,0
7244,33,0
7245,1,4.32
7246,1,7.88
7247,32,0
7248,33,0.85
7249,32,0
7250,33,0
7251,32,0
7252,33,0.24
7253,32,0.32
7254,33,0
7255,32,0
7256,33,0.6
7257,32,0.08
7258,33,0.32
7259,32,0.29
7260,1,1.51
7261,33,0
7262,32,0.13
7263,33,0
7264,32,0.12
7265,33,0.08
7266,33,0.56
7267,1,1.12
7268,32,0.96
7269,33,0.3
7270,32,0.32
7271,33,0
7272,1,2.88
7273,32,0
7274,33,0.22
7275,32,0
7276,33,0
7277,32,0.07
7278,1,13.32
7279,33,0
7280,32,0
7281,33,0
7282,1,465.69
7283,32,0
7284,33,0.6
7285,32,0.24
7286,33,0.72
7287,32,0.24
7288,33,0
7289,1,359.93
7290,1,1.1
7291,32,0
7292,33,0
7293,32,0.06
7294,33,0.08
7295,32,0.64
7296,33,0.34
7297,32,0
7298,1,2.4
7299,33,0
7300,32,0.1
7301,33,0
7302,32,0.16
7303,33,0
7304,32,0.06
7305,1,1.96
7306,33,0
7307,32,0
7308,33,0
7309,32,0
7310,33,0.62
7311,32,0
7312,33,0
7313,32,0
7314,33,0.78
7315,32,0.06
7316,33,0.86
7317,33,0
7318,32,0.32
7319,33,0.21
7320,32,0
7321,1,2.1
7322,33,0.08
7323,32,0.38
7324,33,0.42
7325,32,0.1
7326,33,0
7327,32,0
7328,33,0.19
7329,1,1.09
7330,32,0
7331,33,0
7332,32,0
7333,33,0
7334,1,1.76
7335,32,0
7336,33,0.09
7337,32,0.18
7338,33,0.48
7339,32,0
7340,33,0
7341,1,586.54
7342,32,0
7343,33,0.1
7344,1,2.56
7345,32,0.2
7346,33,0.44
7347,32,0.15
7348,33,0.29
7349,32,0.14
7350,33,0.18
7351,32,0
7352,33,0
7353,32,0
7354,33,0.21
7355,32,0
7356,33,0.24
7357,32,0
7358,33,0.09
7359,32,0
7360,33,0
7361,1,1.14
7362,32,0.66
7363,33,0
7364,32,0.14
7365,1,72.82
7366,33,0.13
7367,32,0.19
7368,33,0
7369,33,0
7370,1,277.38
7371,1,199.33
7372,32,0.74
7373,33,0.2
7374,32,0
7375,33,0
7376,32,0
7377,33,0
7378,1,4.41
7379,32,0.8
7380,33,0.16
7381,32,0.08
7382,33,0.06
7383,32,0
7384,33,0.2
7385,32,0.32
7386,33,0.19
7387,1,1.08
7388,32,0.2
7389,33,0
7390,32,0.22
7391,33,0.13
7392,32,0
7393,33,0
7394,1,100.32
7395,32,0
7396,33,0.8
7397,32,0.16
7398,33,0.08
7399,1,3
7400,32,0
7401,33,0
7402,32,0.72
7403,33,0
7404,32,0.08
7405,33,0.13
7406,32,0.56
7407,33,0
7408,32,0.44
7409,33,0
7410,1,3.2
7411,1,265
7412,32,0.35
7413,33,0
7414,1,5
7415,32,0
7416,33,0
7417,32,0
7418,33,0
7419,1,875.74
7420,1,1
7421,32,0
7422,33,0
7423,33,0
7424,1,39.39
7425,32,0
7426,33,0
7427,32,0
7428,33,0
7429,32,0
7430,33,0
7431,32,0
7432,33,0.12
7433,32,0
7434,33,0
7435,32,0
7436,33,0
7437,32,0.14
7438,1,1.64
7439,33,0.4
7440,32,0.09
7441,33,0.19
7442,1,99.96
7443,32,0
7444,33,0.52
7445,1,1
7446,1,12.05
7447,32,0
7448,33,0.18
7449,32,0
7450,33,0.12
7451,32,0
7452,1,1.96
7453,33,0.25
7454,32,0.1
7455,33,0.16
7456,32,0
7457,33,0
7458,1,1.68
7459,1,412.22
7460,32,0
7461,33,0.4
7462,32,0.42
7463,33,0
7464,1,1.2
7465,32,0
7466,1,762.64
7467,33,0
7468,32,0.48
7469,33,0.38
7470,32,0.96
7471,33,0
7472,32,0
7473,1,1.82
7474,33,0
7475,32,0
7476,33,0
7477,33,0.2
7478,32,0
7479,33,0
7480,32,0
7481,33,0.38
7482,32,0.8
7483,33,0
7484,32,0
7485,33,0.08
7486,32,0
7487,33,0.2
7488,32,0.48
7489,33,0
7490,32,0.29
7491,1,235.77
7492,33,0
7493,32,0
7494,1,7.93
7495,1,1.7
7496,33,0.43
7497,32,0.6
7498,33,0
7499,32,0.86
7500,33,0
7501,32,0.24
7502,33,0.83
7503,32,0.6
7504,33,0
7505,32,0
7506,33,0.19
7507,32,0.14
7508,33,0.48
7509,32,0.43
7510,33,0.08
7511,32,0
7512,33,0.07
7513,32,0
7514,33,0
7515,1,2.37
7516,32,0
7517,33,0
7518,32,0
7519,33,0.7
7520,32,0.96
7521,33,0
7522,32,0.16
7523,1,1.42
7524,33,0.48
7525,32,0
7526,33,0.14
7527,33,0
7528,32,0.72
7529,33,0
7530,1,33.71
7531,32,0.16
7532,33,0
7533,1,20.83
7534,32,0
7535,33,0.49
7536,32,0.06
7537,33,0
7538,32,0
7539,33,0
7540,1,4.76
7541,1,3.6
7542,32,0.13
7543,1,1.6
7544,33,0
7545,1,545.62
7546,32,0.22
7547,33,0
7548,32,0.17
7549,33,0
7550,32,0.16
7551,33,0.72
7552,32,0
7553,33,0
7554,32,0
7555,33,0
7556,32,0.36
7557,33,0.9
7558,32,0
7559,33,0
7560,1,1.92
7561,1,1.12
7562,32,0.4
7563,33,0
7564,32,0
7565,1,1
7566,1,8.8
7567,33,0
7568,32,0.07
7569,33,0
7570,32,0.32
7571,33,0
7572,1,11.7
7573,1,1.47
7574,32,0
7575,33,0
7576,1,1.2
7577,32,0
7578,33,0
7579,1,1.92
7580,32,0
7581,33,0
7582,32,0
7583,33,0
7584,33,0
7585,32,0
7586,33,0
7587,32,0.1
7588,33,0
7589,32,0.3
7590,33,0.48
7591,1,123.31
7592,32,0
7593,33,0.1
7594,32,0.48
7595,1,106.44
7596,33,0
7597,1,239.78
7598,32,0
7599,33,0
7600,32,0
7601,33,0.88
7602,1,140.5
7603,1,416.23
7604,32,0
7605,33,0.11
7606,1,2.5
7607,32,0
7608,33,0.07
7609,32,0
7610,33,0.18
7611,32,0.14
7612,1,2.3
7613,33,0.36
7614,32,0
7615,33,0
7616,32,0
7617,33,0
7618,32,0.66
7619,33,0.48
7620,32,0.6
7621,33,0
7622,32,0
7623,33,0
7624,32,0.13
7625,33,0.2
7626,32,0
7627,33,0.06
7628,1,1.2
7629,1,2.44
7630,1,1.6
7631,1,1.2
7632,1,46.21
7633,32,0.84
7634,33,0.4
7635,32,0.2
7636,33,0.14
7637,32,0.43
7638,33,0.25
7639,1,1.6
7640,32,0
7641,33,0.35
7642,1,1.12
7643,33,0.08
7644,32,0
7645,33,0.11
7646,32,0.42
7647,33,0
7648,32,0
7649,1,26.27
7650,33,0
7651,1,6.36
7652,32,0.07
7653,33,0
7654,32,0
7655,1,78.06
7656,33,0.48
7657,32,0
7658,33,0.2
7659,32,0
7660,33,0
7661,32,0.1
7662,1,8.08
7663,33,0.3
7664,32,0
7665,33,0
7666,32,0
7667,1,87.61
7668,1,8.17
7669,33,0.24
7670,32,0
7671,33,0.3
7672,32,0
7673,1,2.16
7674,33,0.48
7675,32,0
7676,33,0
7677,32,0.64
7678,33,0
7679,1,12.3
7680,1,2.91
7681,32,0
7682,33,0.14
7683,32,0
7684,33,0
7685,1,9.24
7686,32,0
7687,33,0
7688,32,0
7689,33,0
7690,32,0.5
7691,33,0
7692,32,0
7693,1,54.64
7694,33,0
7695,32,0
7696,33,0.18
7697,1,639.74
7698,1,22.5
7699,33,0
7700,1,3
7701,32,0
7702,33,0.14
7703,32,0.72
7704,1,1.33
7705,33,0.4
7706,32,0
7707,33,0.33
7708,32,0
7709,1,388.18
7710,1,1.6
7711,1,10.58
7712,33,0
7713,32,0
7714,1,1.47
7715,33,0.89
7716,1,2.62
7717,32,0
7718,33,0
7719,32,0
7720,33,0.44
7721,32,0
7722,33,0
7723,32,0
7724,1,52.68
7725,33,0.1
7726,1,3
7727,32,0
7728,1,4.4
7729,33,0
7730,32,0.08
7731,33,0.29
7732,1,1.2
7733,32,0.6
7734,33,0
7735,1,13.74
7736,32,0.08
7737,33,0.06
7738,32,0.12
7739,33,0
7740,1,2
7741,32,0.22
7742,33,0.96
7743,32,0.34
7744,33,0.08
7745,1,3.68
7746,32,0
7747,33,0
7748,32,0
7749,33,0.48
7750,32,0.21
7751,33,0
7752,32,0.5
7753,33,0.06
7754,32,0.64
7755,1,2.5
7756,33,0.4
7757,33,0.16
7758,1,73.25
7759,32,0.18
7760,33,0.19
7761,32,0.16
7762,33,0.8
7763,32,0.08
7764,33,0
7765,32,0.29
7766,33,0
7767,32,0.6
7768,33,0.1
7769,1,1.58
7770,32,0
7771,33,0.18
7772,1,1.84
7773,32,0
7774,33,0.06
7775,32,0
7776,1,2.95
7777,33,0
7778,32,0
7779,1,347.68
7780,1,328.37
7781,33,0
7782,1,75.24
7783,32,0
7784,33,0.96
7785,32,0
7786,33,0
7787,32,0
7788,33,0
7789,32,0
7790,1,167.29
7791,33,0.11
7792,32,0
7793,1,3.66
7794,33,0
7795,1,21.41
7796,32,0
7797,33,0.07
7798,1,2.88
7799,32,0.24
7800,33,0.88
7801,32,0
7802,33,0
7803,32,0
7804,1,92.81
7805,1,1.2
7806,1,1
7807,1,68.76
7808,33,0.12
7809,1,5.28
7810,32,0.48
7811,1,2.88
7812,33,0.8
7813,32,0.4
7814,33,0
7815,1,1789.38
7816,1,5.28
7817,1,2.56
7818,32,0.38
7819,33,0
7820,32,0
7821,1,373.91
7822,1,82.98
7823,33,0
7824,1,1.8
7825,1,3.12
7826,33,0
7827,1,1.2
7828,32,0.24
7829,33,0
7830,32,0
7831,1,4.32
7832,33,0
7833,32,0
7834,33,0
7835,1,1.06
7836,32,0
7837,1,154.39
7838,33,0
7839,1,1.2
7840,32,0
7841,33,0.24
7842,32,0
7843,1,7.98
7844,33,0.29
7845,1,1.4
7846,32,0
7847,1,330.99
7848,33,0.06
7849,1,4.53
7850,1,1.92
7851,32,0.1
7852,33,0.53
7853,32,0.64
7854,33,0
7855,32,0
7856,1,2.56
7857,33,0.46
7858,32,0
7859,1,1.26
7860,33,0
7861,1,669.15
7862,32,0.13
7863,33,0
7864,32,0.11
7865,1,1
7866,33,0
7867,1,20.14
7868,32,0
7869,33,0.06
7870,32,0.5
7871,33,0.06
7872,32,0
7873,33,0.16
7874,1,2.4
7875,32,0.1
7876,1,1.2
7877,33,0.16
7878,32,0
7879,33,0
7880,32,0
7881,33,0.8
7882,32,0
7883,33,0.19
7884,1,1.32
7885,32,0
7886,33,0
7887,1,16.76
7888,1,289.23
7889,33,0.26
7890,32,0.32
7891,33,0.4
7892,32,0
7893,33,0
7894,32,0.17
7895,33,0.24
7896,32,0
7897,33,0
7898,32,0
7899,33,0.53
7900,32,0
7901,1,126.62
7902,1,81.43
7903,33,0
7904,1,1
7905,32,0.42
7906,1,1.2
7907,1,1.7
7908,33,0.36
7909,1,204.39
7910,32,0
7911,33,0
7912,1,988.56
7913,32,0.48
7914,33,0.12
7915,32,0
7916,33,0
7917,32,0
7918,33,0
7919,32,0
7920,33,0
7921,32,0.2
7922,33,0
7923,1,6.14
7924,32,0
7925,1,2.4
7926,33,0
7927,32,0
7928,33,0
7929,32,0
7930,1,1.19
7931,33,0.14
7932,32,0.12
7933,33,0.64
7934,32,0
7935,33,0.16
7936,1,2.11
7937,32,0.29
7938,33,0.48
7939,32,0
7940,33,0
7941,32,0
7942,33,0
7943,1,1.4
7944,33,0.51
7945,1,437.78
7946,32,0
7947,1,1.02
7948,33,0
7949,32,0
7950,1,6.72
7951,33,0
7952,32,0.84
7953,33,0
7954,1,1.08
7955,32,0
7956,33,0
7957,1,1.76
7958,1,2.2
7959,32,0.25
7960,33,0
7961,32,0
7962,33,0
7963,32,0
7964,1,6.44
7965,33,0
7966,32,0
7967,33,0.32
7968,32,0.14
7969,33,0.48
7970,32,0.18
7971,33,0
7972,32,0.12
7973,33,0
7974,32,0.48
7975,33,0
7976,32,0
7977,1,14.58
7978,33,0
7979,32,0
7980,33,0.34
7981,32,0
7982,33,0.62
7983,32,0
7984,33,0.19
7985,32,0.48
7986,33,0
7987,1,4.4
7988,32,0.68
7989,33,0
7990,32,0
7991,33,0
7992,32,0.14
7993,33,0.24
7994,1,68.91
7995,32,0.74
7996,33,0
7997,1,1.68
7998,32,0.24
7999,1,1.6
8000,33,0
8001,33,0.16
8002,32,0
8003,1,607.41
8004,33,0.5
8005,32,0
8006,33,0
8007,32,0.47
8008,33,0
8009,1,28.51
8010,32,0.08
8011,33,0
8012,32,0
8013,33,0
8014,32,0.6
8015,33,0
8016,1,46
8017,32,0
8018,33,0.08
8019,32,0.35
8020,1,2.56
8021,33,0
8022,32,0.2
8023,33,0
8024,32,0.16
8025,33,0
8026,32,0
8027,33,0
8028,32,0
8029,1,1.44
8030,33,0
8031,32,0.08
8032,33,0
8033,32,0
8034,1,2.62
8035,33,0
8036,32,0
8037,33,0
8038,1,1.26
8039,1,1.6
8040,32,0
8041,33,0
8042,32,0.63
8043,33,0.14
8044,1,39.4
8045,32,0.7
8046,1,38.83
8047,33,0
8048,32,0.07
8049,33,0.09
8050,32,0.96
8051,33,0.72
8052,1,37.09
8053,32,0
8054,1,136.34
8055,1,14.4
8056,1,493.94
8057,1,147.71
8058,33,0
8059,33,0.6
8060,32,0
8061,33,0.09
8062,32,0
8063,1,2.56
8064,1,6.6
8065,1,35.62
8066,33,0
8067,1,7.31
8068,32,0.29
8069,33,0
8070,1,2.94
8071,32,0.81
8072,33,0.7
8073,32,0.1
8074,33,0.07
8075,32,0.1
8076,33,0.14
8077,32,0
8078,33,0
8079,32,0.08
8080,1,6.2
8081,33,0
8082,32,0.19
8083,33,0
8084,32,0.73
8085,33,0.44
8086,32,0.3
8087,33,0
8088,32,0
8089,1,1.5
8090,33,0.34
8091,32,0
8092,1,2.56
8093,33,0.19
8094,32,0.16
8095,33,0.06
8096,32,0
8097,33,0
8098,32,0
8099,33,0
8100,32,0
8101,33,0
8102,1,36.3
8103,32,0.5
8104,1,1.34
8105,33,0.1
8106,32,0.12
8107,33,0.38
8108,1,1.92
8109,32,0.6
8110,33,0
8111,32,0
8112,33,0
8113,32,0
8114,33,0
8115,1,1.06
8116,1,1.8
8117,33,0.32
8118,32,0
8119,33,0.08
8120,32,0.1
8121,33,0
8122,32,0.19
8123,33,0
8124,1,1.96
8125,32,0
8126,1,272.85
8127,1,48.95
8128,33,0.4
8129,1,2.26
8130,32,0
8131,33,0
8132,32,0
8133,33,0.22
8134,32,0
8135,33,0.18
8136,32,0.32
8137,33,0
8138,32,0.72
8139,33,0.6
8140,32,0.08
8141,33,0.24
8142,32,0
8143,33,0
8144,1,1.12
8145,32,0
8146,33,0
8147,32,0
8148,33,0.6
8149,32,0.16
8150,1,10.56
8151,33,0
8152,32,0
8153,1,105.57
8154,33,0.2
8155,32,0
8156,33,0
8157,32,0.86
8158,33,0
8159,1,1.47
8160,1,255.77
8161,1,212.74
8162,32,0
8163,1,1.06
8164,33,0
8165,32,0.88
8166,33,0
8167,32,0
8168,33,0.5
8169,1,3.06
8170,32,0.96
8171,1,1.2
8172,1,1.28
8173,33,0
8174,33,0
8175,32,0
8176,33,0
8177,32,0
8178,33,0.75
8179,32,0.32
8180,33,0
8181,32,0.38
8182,33,0.12
8183,32,0
8184,33,0.4
8185,32,0.16
8186,33,0
8187,1,95.3
8188,1,1.65
8189,32,0.2
8190,33,0.16
8191,32,0.32
8192,33,0
8193,32,0.08
8194,33,0
8195,32,0
8196,33,0
8197,32,0
8198,33,0
8199,32,0
8200,33,0.32
8201,32,0.6
8202,33,0
8203,1,1.28
8204,1,57.43
8205,1,396.14
8206,1,44.22
8207,1,1.26
8208,32,0
8209,1,182.28
8210,33,0
8211,32,0
8212,1,1.08
8213,33,0.78
8214,32,0.08
8215,33,0.29
8216,32,0
8217,33,0
8218,32,0.2
8219,33,0.82
8220,1,1.1
8221,32,0
8222,33,0.19
8223,1,3.2
8224,32,0.96
8225,1,5.12
8226,1,2
8227,33,0.08
8228,1,2
8229,32,0
8230,33,0
8231,33,0.56
8232,32,0
8233,1,2.7
8234,1,37.29
8235,1,1.59
8236,33,0
8237,1,6.15
8238,1,9.41
8239,32,0.1
8240,33,0
8241,32,0
8242,1,1.2
8243,33,0
8244,32,0.12
8245,33,0
8246,32,0.2
8247,33,0.18
8248,32,0.41
8249,1,2
8250,33,0
8251,32,0
8252,1,1.6
8253,33,0
8254,32,0
8255,33,0
8256,32,0
8257,33,0
8258,32,0
8259,1,9.3
8260,33,0
8261,32,0
8262,33,0
8263,32,0.2
8264,33,0.35
8265,32,0
8266,33,0
8267,1,6.72
8268,32,0
8269,33,0
8270,32,0.24
8271,33,0
8272,32,0.32
8273,33,0.16
8274,32,0.8
8275,33,0
8276,32,0.36
8277,33,0
8278,32,0
8279,1,1.8
8280,33,0.56
8281,32,0
8282,33,0
8283,32,0
8284,33,0
8285,32,0
8286,33,0
8287,33,0
8288,32,0.35
8289,1,1.08
8290,33,0
8291,32,0
8292,33,0
8293,32,0
8294,33,0
8295,32,0.29
8296,33,0
8297,1,100.8
8298,32,0.19
8299,33,0
8300,32,0.96
8301,1,1.2
8302,33,0
8303,32,0.48
8304,33,0
8305,32,0
8306,1,3
8307,33,0.13
8308,1,91.76
8309,1,1.6
8310,32,0
8311,33,0
8312,32,0.16
8313,33,0.13
8314,32,0
8315,1,88.02
8316,33,0
8317,32,0
8318,1,766.94
8319,33,0
8320,32,0
8321,33,0
8322,32,0
8323,33,0
8324,32,0.88
8325,33,0
8326,32,0
8327,33,0
8328,1,3.54
8329,1,7.2
8330,32,0
8331,33,0
8332,32,0.3
8333,33,0
8334,1,8.4
8335,32,0.48
8336,33,0
8337,32,0
8338,33,0.08
8339,32,0
8340,33,0
8341,33,0.5
8342,32,0
8343,1,3.36
8344,1,5.12
8345,33,0.96
8346,32,0
8347,33,0
8348,32,0.19
8349,33,0.06
8350,32,0.3
8351,1,47.92
8352,33,0
8353,1,2.69
8354,32,0.82
8355,33,0.48
8356,1,5.68
8357,32,0.72
8358,33,0
8359,1,5.8
8360,32,0
8361,1,8.16
8362,33,0.4
8363,32,0
8364,1,2.4
8365,33,0.06
8366,1,501.88
8367,1,1098.8
8368,32,0
8369,33,0.21
8370,1,2
8371,32,0
8372,33,0
8373,32,0
8374,33,0
8375,1,86.88
8376,32,0.1
8377,33,0.32
8378,32,0
8379,33,0
8380,32,0
8381,1,53.16
8382,1,1.92
8383,33,0
8384,32,0
8385,33,0
8386,1,2.69
8387,1,74.6
8388,1,1.6
8389,32,0.28
8390,33,0.21
8391,32,0
8392,1,1.5
8393,1,1.92
8394,33,0
8395,32,0.2
8396,33,0
8397,32,0.32
8398,33,0
8399,32,0.43
8400,33,0
8401,32,0
8402,33,0
8403,1,78.33
8404,33,0
8405,32,0.13
8406,33,0
8407,32,0
8408,1,4
8409,33,0.4
8410,1,1.9
8411,32,0.25
8412,33,0
8413,32,0.48
8414,33,0.25
8415,32,0.29
8416,33,0
8417,1,1.49
8418,32,0
8419,33,0.54
8420,32,0.32
8421,33,0
8422,32,0
8423,33,0.43
8424,1,378.33
8425,32,0
8426,1,464.51
8427,33,0.2
8428,1,329
8429,32,0.36
8430,33,0
8431,32,0
8432,1,67.11
8433,33,0
8434,1,134.95
8435,32,0
8436,33,0
8437,1,9.6
8438,32,0
8439,33,0
8440,1,1.85
8441,32,0
8442,1,59.23
8443,1,1.6
8444,33,0
8445,32,0
8446,33,0
8447,1,2.04
8448,1,1.2
8449,32,0.16
8450,33,0.1
8451,32,0.53
8452,1,1.7
8453,1,1.9
8454,33,0
8455,32,0
8456,1,576.98
8457,33,0.66
8458,32,0
8459,33,0
8460,32,0
8461,33,0
8462,32,0
8463,33,0
8464,32,0
8465,33,0.45
8466,33,0
8467,32,0
8468,33,0
8469,32,0.72
8470,1,2
8471,33,0
8472,1,125.72
8473,32,0.18
8474,33,0.36
8475,32,0
8476,33,0.2
8477,1,1.2
8478,1,1.12
8479,1,1.2
8480,32,0
8481,33,0.06
8482,1,1.68
8483,32,0
8484,1,3.84
8485,33,0
8486,32,0
8487,33,0
8488,32,0
8489,1,2.8
8490,33,0.32
8491,32,0
8492,33,0.26
8493,32,0
8494,33,0
8495,32,0
8496,33,0
8497,32,0
8498,1,6.12
8499,33,0
8500,32,0.2
8501,33,0.77
8502,32,0
8503,33,0
8504,32,0.96
8505,33,0.64
8506,32,0
8507,1,1
8508,33,0
8509,32,0.16
8510,33,0.24
8511,32,0
8512,33,0
8513,32,0
8514,33,0.08
8515,32,0
8516,33,0
8517,32,0
8518,33,0.18
8519,33,0.44
8520,1,1.12
8521,1,1.16
8522,32,0
8523,33,0.4
8524,32,0.18
8525,33,0
8526,32,0
8527,33,0.2
8528,32,0
8529,1,46.76
8530,33,0
8531,32,0.18
8532,33,0.16
8533,1,1.13
8534,32,0
8535,33,0.2
8536,32,0
8537,1,2
8538,33,0
8539,32,0
8540,33,0
8541,32,0
8542,1,3.4
8543,33,0.14
8544,32,0
8545,33,0.4
8546,1,188.37
8547,1,55.86
8548,32,0
8549,33,0
8550,32,0
8551,33,0.56
8552,1,2.81
8553,32,0
8554,33,0.7
8555,32,0
8556,33,0
8557,1,1.98
8558,1,2
8559,32,0.14
8560,33,0
8561,32,0.21
8562,33,0
8563,32,0
8564,33,0.09
8565,1,1.47
8566,32,0
8567,33,0.6
8568,32,0.6
8569,33,0
8570,1,171.99
8571,32,0
8572,33,0.7
8573,32,0.48
8574,33,0.22
8575,1,2.4
8576,32,0
8577,33,0
8578,1,2.4
8579,33,0.1
8580,1,60.77
8581,32,0
8582,33,0
8583,32,0.4
8584,33,0
8585,32,0
8586,33,0
8587,32,0
8588,33,0
8589,1,61.31
8590,32,0
8591,33,0.24
8592,32,0
8593,33,0.18
8594,32,0.56
8595,1,2.38
8596,1,1.2
8597,33,0.96
8598,32,0
8599,33,0.8
8600,32,0.8
8601,33,0
8602,32,0.21
8603,1,2.75
8604,33,0
8605,32,0
8606,1,2.28
8607,33,0
8608,1,1.22
8609,32,0
8610,33,0
8611,32,0
8612,33,0
8613,32,0
8614,1,56.06
8615,33,0
8616,1,2.38
8617,32,0.37
8618,33,0.13
8619,32,0
8620,1,2.5
8621,33,0
8622,32,0
8623,33,0
8624,1,675.72
8625,1,4.14
8626,1,44.67
8627,32,0
8628,33,0
8629,32,0
8630,1,16.15
8631,33,0
8632,32,0
8633,1,1.28
8634,33,0
8635,32,0.73
8636,33,0.2
8637,33,0
8638,32,0
8639,1,0.97
8640,33,0
8641,32,0
8642,33,0.18
8643,32,0
8644,33,0.48
8645,32,0
8646,33,0
8647,32,0
8648,33,0
8649,32,0.32
8650,33,0
8651,32,0.5
8652,33,0.14
8653,1,21.24
8654,32,0
8655,33,0
8656,32,0
8657,33,0.29
8658,32,0
8659,33,0
8660,32,0.16
8661,33,0
8662,32,0
8663,33,0.5
8664,32,0
8665,33,0.2
8666,32,0
8667,33,0
8668,1,38.16
8669,32,0
8670,1,5.6
8671,33,0.48
8672,32,0
8673,1,1.91
8674,33,0.36
8675,1,6.54
8676,32,0.42
8677,33,0
8678,32,0
8679,33,0
8680,32,0.7
8681,33,0
8682,1,3.6
8683,32,0
8684,33,0
8685,32,0
8686,1,2.02
8687,33,0.11
8688,33,0
8689,32,0
8690,33,0
8691,32,0.13
8692,1,1.3
8693,33,0
8694,32,0
8695,1,13.19
8696,1,1.44
8697,1,2.4
8698,33,0.24
8699,32,0.62
8700,33,0
8701,1,2.7
8702,32,0.5
8703,1,873.17
8704,33,0
8705,32,0.07
8706,33,0.35
8707,1,565.27
8708,32,0
8709,33,0.14
8710,1,3.06
8711,32,0.3
8712,33,0
8713,32,0
8714,1,2.96
8715,33,0
8716,32,0.19
8717,33,0
8718,32,0
8719,33,0
8720,32,0
8721,33,0.7
8722,1,1.6
8723,32,0
8724,33,0
8725,32,0
8726,33,0
8727,32,0
8728,33,0.07
8729,1,3.01
8730,1,2.4
8731,32,0.84
8732,33,0.8
8733,32,0.59
8734,33,0.06
8735,32,0.8
8736,33,0.14
8737,32,0
8738,33,0.88
8739,1,1.36
8740,32,0.18
8741,33,0
8742,1,32.05
8743,32,0.24
8744,33,0
8745,32,0
8746,33,0.16
8747,33,0.09
8748,32,0.25
8749,33,0
8750,32,0.22
8751,33,0
8752,32,0
8753,33,0.19
8754,1,1.44
8755,32,0
8756,33,0.53
8757,32,0.36
8758,33,0.08
8759,32,0.38
8760,33,0
8761,32,0
8762,33,0
8763,32,0
8764,1,1.45
8765,33,0
8766,32,0.83
8767,33,0
8768,32,0.06
8769,33,0.08
8770,32,0
8771,33,0
8772,32,0
8773,1,27.48
8774,33,0
8775,32,0
8776,33,0
8777,32,0
8778,1,4.01
8779,33,0
8780,1,2.18
8781,32,0
8782,1,44.49
8783,33,0.6
8784,1,1.71
8785,1,3.6
8786,32,0
8787,33,0.09
8788,1,1.48
8789,1,1.8
8790,32,0
8791,33,0
8792,32,0
8793,33,0
8794,32,0
8795,33,0.3
8796,32,0.56
8797,1,1.6
8798,1,1.8
8799,33,0.24
8800,32,0
8801,1,25.51
8802,1,1.42
8803,33,0
8804,33,0
8805,32,0.29
8806,33,0.26
8807,32,0
8808,1,5.88
8809,1,1.65
8810,33,0
8811,32,0
8812,33,0
8813,32,0
8814,33,0
8815,32,0.66
8816,33,0.16
8817,32,0.34
8818,1,318.15
8819,33,0
8820,1,60.6
8821,1,2.66
8822,1,1.12
8823,32,0.19
8824,33,0
8825,32,0
8826,33,0
8827,1,1
8828,1,179.7
8829,32,0
8830,33,0
8831,32,0
8832,1,104.24
8833,1,2
8834,1,664.8
8835,33,0
8836,32,0
8837,33,0
8838,1,2.76
8839,1,38.78
8840,32,0.4
8841,33,0
8842,32,0.1
8843,33,0.07
8844,32,0.24
8845,33,0
8846,32,0.06
8847,33,0
8848,32,0
8849,1,4.53
8850,33,0
8851,1,61.47
8852,1,1.06
8853,1,48.54
8854,32,0
8855,33,0
8856,32,0
8857,33,0
8858,32,0.18
8859,33,0
8860,32,0
8861,33,0
8862,1,797.56
8863,32,0
8864,1,1.8
8865,1,4.64
8866,33,0.48
8867,1,3
8868,33,0.13
8869,32,0.08
8870,33,0
8871,1,1.28
8872,1,1.68
8873,32,0
8874,33,0
8875,32,0.7
8876,33,0
8877,32,0.4
8878,33,0.4
8879,32,0
8880,33,0
8881,32,0.13
8882,33,0
8883,32,0
8884,33,0
8885,1,87.07
8886,32,0
8887,1,1.32
8888,33,0
8889,32,0.6
8890,33,0
8891,32,0
8892,33,0
8893,32,0
8894,33,0
8895,32,0
8896,33,0
8897,32,0.8
8898,33,0
8899,1,15.23
8900,1,517.94
8901,32,0.8
8902,33,0.6
8903,32,0.07
8904,33,0.3
8905,32,0
8906,33,0
8907,32,0
8908,33,0
8909,32,0
8910,33,0.96
8911,1,61.5
8912,1,1.52
8913,32,0
8914,1,3.82
8915,33,0.35
8916,32,0.4
8917,33,0
8918,32,0.16
8919,33,0
8920,32,0
8921,33,0.07
8922,33,0
8923,1,2.4
8924,32,0
8925,33,0.48
8926,32,0.5
8927,33,0.47
8928,32,0.18
8929,33,0
8930,32,0.24
8931,33,0.2
8932,32,0.59
8933,33,0
8934,32,0.5
8935,33,0
8936,32,0
8937,33,0
8938,1,2.34
8939,32,0
8940,1,81.53
8941,33,0.12
8942,32,0.32
8943,33,0
8944,32,0
8945,33,0
8946,32,0
8947,33,0
8948,32,0
8949,33,0
8950,32,0.11
8951,33,0
8952,32,0
8953,1,2.16
8954,33,0
8955,32,0.11
8956,33,0
8957,32,0
8958,33,0
8959,32,0
8960,33,0.2
8961,32,0
8962,33,0
8963,32,0.84
8964,33,0.1
8965,32,0.72
8966,33,0.48
8967,32,0.27
8968,33,0.83
8969,33,0.75
8970,32,0
8971,33,0.08
8972,32,0
8973,33,0
8974,32,0.64
8975,1,0.99
8976,33,0
8977,32,0
8978,33,0
8979,32,0.48
8980,33,0
8981,32,0
8982,33,0.75
8983,32,0.4
8984,33,0
8985,1,1.2
8986,32,0.19
8987,33,0
8988,1,40.59
8989,32,0
8990,33,0
8991,32,0
8992,33,0.2
8993,32,0
8994,33,0.93
8995,32,0.36
8996,33,0.32
8997,32,0
8998,33,0
8999,32,0
9000,33,0
9001,32,0
9002,33,0.64
9003,32,0
9004,33,0.08
9005,1,429.71
9006,32,0
9007,1,1.2
9008,1,2.4
9009,1,2.24
9010,33,0
9011,32,0.28
9012,33,0.52
9013,32,0
9014,33,0
9015,32,0
9016,33,0
9017,1,661.48
9018,32,0
9019,1,1.15
9020,33,0.12
9021,33,0
9022,1,1.4
9023,32,0
9024,33,0
9025,1,53.11
9026,32,0
9027,33,0
9028,1,2.7
9029,32,0.21
9030,1,92.76
9031,1,7.26
9032,33,0
9033,32,0.12
9034,33,0.29
9035,32,0.21
9036,33,0.43
9037,32,0.14
9038,1,37.88
9039,33,0.4
9040,32,0
9041,33,0
9042,1,13.63
9043,32,0
9044,33,0
9045,32,0
9046,33,0
9047,32,0.26
9048,1,139.64
9049,33,0
9050,1,144.91
9051,32,0
9052,33,0.5
9053,32,0
9054,33,0
9055,32,0
9056,33,0
9057,32,0
9058,33,0
9059,32,0.5
9060,33,0.13
9061,32,0.55
9062,33,0
9063,1,2.2
9064,32,0.78
9065,33,0.19
9066,32,0.92
9067,33,0.13
9068,32,0.1
9069,33,0.32
9070,32,0.48
9071,1,931.64
9072,33,0
9073,32,0.36
9074,1,1.52
9075,1,1.49
9076,33,0
9077,32,0
9078,1,759.03
9079,1,1.02
9080,33,0
9081,33,0.44
9082,32,0.08
9083,1,2.12
9084,1,1.6
9085,33,0.24
9086,1,1.86
9087,32,0
9088,33,0
9089,32,0
9090,33,0.48
9091,32,0.41
9092,1,1.16
9093,33,0.8
9094,32,0
9095,33,0
9096,32,0.26
9097,33,0.26
9098,32,0
9099,33,0.21
9100,32,0.48
9101,33,0.14
9102,32,0.35
9103,33,0
9104,1,4.48
9105,32,0
9106,33,0
9107,32,0.12
9108,33,0.06
9109,32,0
9110,1,269.23
9111,33,0
9112,32,0
9113,33,0
9114,32,0.25
9115,33,0.1
9116,1,1
9117,32,0
9118,33,0
9119,32,0
9120,33,0
9121,32,0
9122,33,0
9123,32,0.72
9124,33,0.2
9125,32,0.1
9126,33,0.12
9127,32,0.35
9128,33,0
9129,1,3.1
9130,32,0.8
9131,33,0
9132,33,0
9133,32,0
9134,33,0
9135,32,0.32
9136,33,0.08
9137,32,0
9138,33,0
9139,32,0
9140,33,0.8
9141,32,0
9142,33,0.13
9143,32,0.59
9144,33,0.54
9145,32,0.2
9146,33,0.1
9147,1,1.46
9148,32,0
9149,33,0
9150,1,2.66
9151,32,0.06
9152,1,1.2
9153,33,0
9154,32,0.3
9155,33,0
9156,32,0
9157,33,0
9158,32,0.56
9159,33,0.12
9160,1,649
9161,32,0.58
9162,33,0
9163,32,0
9164,33,0
9165,32,0
9166,1,1.44
9167,33,0.64
9168,32,0
9169,1,54.54
9170,33,0
9171,32,0
9172,33,0
9173,32,0.48
9174,33,0.08
9175,32,0
9176,33,0
9177,32,0.14
9178,33,0
9179,32,0.5
9180,33,0
9181,32,0
9182,33,0.16
9183,33,0.24
9184,32,0.6
9185,1,243.37
9186,33,0
9187,32,0
9188,33,0
9189,32,0
9190,1,7.52
9191,33,0.5
9192,32,0
9193,33,0.16
9194,32,0.08
9195,33,0.06
9196,1,253.4
9197,32,0.7
9198,33,0
9199,32,0
9200,1,211.79
9201,1,0.98
9202,33,0
9203,32,0.22
9204,1,2.82
9205,33,0
9206,32,0.13
9207,1,1.2
9208,33,0
9209,32,0
9210,33,0
9211,32,0
9212,33,0
9213,32,0
9214,33,0.1
9215,32,0.8
9216,1,1.2
9217,1,1.05
9218,33,0
9219,32,0.14
9220,33,0
9221,32,0.18
9222,33,0
9223,1,1.05
9224,1,223.58
9225,32,0
9226,33,0.1
9227,32,0.6
9228,33,0
9229,32,0
9230,33,0.22
9231,1,1.85
9232,32,0.96
9233,33,0.42
9234,32,0
9235,33,0
9236,32,0.23
9237,1,2.22
9238,33,0
9239,33,0
9240,1,457.24
9241,32,0
9242,33,0.48
9243,32,0.42
9244,33,0.35
9245,1,1.57
9246,32,0
9247,33,0
9248,32,0
9249,1,1
9250,33,0
9251,32,0
9252,33,0
9253,32,0
9254,33,0
9255,32,0.1
9256,1,518.81
9257,33,0.08
9258,32,0
9259,33,0
9260,32,0.48
9261,33,0
9262,1,3.2
9263,32,0.8
9264,33,0
9265,1,1
9266,1,284.86
9267,32,0
9268,33,0.22
9269,32,0.55
9270,33,0.58
9271,32,0
9272,33,0
9273,32,0
9274,33,0.9
9275,32,0.78
9276,33,0
9277,1,20.35
9278,32,0
9279,33,0.19
9280,32,0
9281,33,0.24
9282,32,0.29
9283,33,0
9284,32,0.3
9285,1,1.8
9286,1,1.6
9287,33,0
9288,1,236.07
9289,32,0.29
9290,33,0.07
9291,32,0.08
9292,33,0.6
9293,33,0
9294,32,0
9295,33,0.08
9296,32,0
9297,33,0.36
9298,32,0.54
9299,33,0
9300,1,38.34
9301,32,0
9302,33,0
9303,32,0
9304,33,0
9305,32,0
9306,33,0.19
9307,1,329.21
9308,32,0.3
9309,33,0
9310,1,965.91
9311,32,0
9312,33,0
9313,32,0.48
9314,33,0
9315,1,6.2
9316,32,0.2
9317,1,59.81
9318,1,1.04
9319,1,1.12
9320,1,3.4
9321,33,0
9322,32,0.17
9323,33,0
9324,32,0.1
9325,1,70.15
9326,33,0
9327,1,1.6
9328,32,0.12
9329,33,0
9330,1,1.6
9331,32,0.6
9332,33,0.24
9333,1,1.96
9334,32,0.5
9335,33,0
9336,1,2
9337,32,0
9338,1,1.6
9339,1,1.94
9340,33,0
9341,32,0.23
9342,33,0
9343,32,0
9344,33,0
9345,32,0.2
9346,33,0.19
9347,32,0
9348,33,0
9349,32,0.2
9350,33,0
9351,32,0.08
9352,33,0
9353,33,0
9354,32,0
9355,33,0
9356,32,0.22
9357,33,0
9358,32,0.64
9359,33,0
9360,32,0
9361,33,0.9
9362,1,2.56
9363,32,0
9364,33,0.88
9365,32,0
9366,33,0
9367,32,0.29
9368,33,0.1
9369,32,0
9370,33,0.64
9371,1,1.68
9372,32,0
9373,33,0
9374,1,6.4
9375,32,0
9376,1,4.8
9377,33,0.29
9378,32,0.74
9379,33,0.38
9380,32,0
9381,33,0
9382,32,0
9383,33,0.18
9384,32,0
9385,33,0
9386,1,72.88
9387,32,0
9388,1,19.52
9389,33,0.08
9390,32,0
9391,33,0.46
9392,32,0.08
9393,33,0.6
9394,32,0.1
9395,1,251.48
9396,33,0
9397,32,0
9398,33,0.88
9399,32,0
9400,33,0
9401,1,1.98
9402,32,0.16
9403,33,0
9404,33,0
9405,32,0
9406,33,0
9407,32,0
9408,33,0
9409,32,0
9410,33,0
9411,32,0.2
9412,33,0.4
9413,1,133.79
9414,32,0
9415,33,0
9416,32,0.22
9417,33,0
9418,32,0
9419,33,0
9420,1,579.22
9421,32,0
9422,33,0
9423,32,0
9424,33,0.36
9425,1,203.36
9426,1,1.6
9427,32,0
9428,33,0
9429,32,0
9430,1,67.28
9431,1,3.67
9432,33,0
9433,32,0.64
9434,33,0
9435,32,0
9436,33,0
9437,32,0
9438,33,0.35
9439,32,0.88
9440,33,0
9441,32,0.12
9442,1,121.6
9443,33,0.5
9444,32,0.14
9445,33,0
9446,32,0
9447,1,7.42
9448,33,0
9449,32,0.36
9450,1,8.7
9451,33,0
9452,32,0
9453,1,1
9454,33,0.16
9455,32,0
9456,33,0
9457,33,0.22
9458,32,0.22
9459,1,3.52
9460,33,0.24
9461,32,0.82
9462,33,0.32
9463,32,0.16
9464,33,0.42
9465,32,0.8
9466,33,0.72
9467,32,0.56
9468,33,0
9469,1,3.9
9470,32,0
9471,33,0.37
9472,32,0
9473,33,0.18
9474,32,0
9475,33,0
9476,32,0
9477,33,0.96
9478,32,0
9479,33,0.08
9480,32,0
9481,33,0.14
9482,32,0
9483,33,0
9484,1,1.4
9485,32,0.6
9486,1,2.4
9487,33,0.26
9488,1,2.4
9489,32,0
9490,1,119
9491,33,0.16
9492,32,0
9493,33,0
9494,32,0.24
9495,1,3.07
9496,1,165.06
9497,33,0.35
9498,32,0.3
9499,33,0
9500,32,0
9501,33,0.4
9502,32,0.4
9503,1,1.4
9504,33,0.72
9505,32,0.68
9506,33,0.19
9507,32,0
9508,33,0
9509,32,0
9510,33,0
9511,33,0
9512,32,0.22
9513,33,0
9514,32,0
9515,33,0.37
9516,1,49.53
9517,32,0
9518,1,1.5
9519,1,2288.75
9520,1,139.8
9521,33,0.16
9522,32,0.71
9523,33,0.16
9524,32,0
9525,33,0.06
9526,32,0.08
9527,33,0
9528,32,0
9529,33,0.08
9530,32,0.52
9531,33,0
9532,32,0
9533,33,0
9534,1,1.52
9535,32,0
9536,33,0
9537,1,1
9538,1,1.89
9539,32,0.48
9540,33,0
9541,1,200.28
9542,32,0.11
9543,33,0.07
9544,32,0
9545,33,0
9546,1,8.48
9547,32,0.2
9548,33,0
9549,32,0
9550,33,0
9551,32,0.53
9552,33,0
9553,32,0.24
9554,33,0
9555,32,0.84
9556,33,0.77
9557,32,0
9558,33,0
9559,32,0.18
9560,33,0
9561,1,11
9562,32,0
9563,33,0.07
9564,33,0.08
9565,32,0
9566,33,0.29
9567,32,0
9568,1,2.8
9569,33,0.78
9570,1,4.04
9571,32,0.69
9572,33,0.5
9573,32,0
9574,1,5.77
9575,1,7.2
9576,1,1.84
9577,33,0
9578,32,0
9579,33,0
9580,1,1618.06
9581,32,0
9582,33,0
9583,32,0
9584,33,0
9585,32,0
9586,33,0.13
9587,32,0
9588,33,0
9589,32,0
9590,33,0.1
9591,1,3.6
9592,32,0
9593,1,326.01
9594,1,136.4
9595,33,0.64
9596,32,0
9597,1,1
9598,33,0
9599,32,0
9600,1,347.65
9601,33,0
9602,32,0.07
9603,33,0
9604,32,0
9605,33,0
9606,1,4.8
9607,1,1.68
9608,32,0.7
9609,33,0
9610,32,0.24
9611,33,0
9612,1,872.77
9613,32,0.1
9614,33,0
9615,32,0
9616,33,0
9617,32,0
9618,1,1.25
9619,33,0.9
9620,32,0
9621,33,0
9622,32,0.08
9623,33,0
9624,33,0
9625,32,0
9626,33,0
9627,32,0
9628,33,0.9
9629,32,0
9630,33,0
9631,32,0
9632,33,0.8
9633,1,5.31
9634,32,0.3
9635,33,0
9636,1,28.34
9637,32,0
9638,33,0.06
9639,32,0
9640,1,1.98
9641,33,0.13
9642,32,0
9643,33,0.4
9644,32,0.16
9645,33,0
9646,32,0
9647,1,3.6
9648,33,0
9649,32,0.36
9650,33,0
9651,32,0
9652,33,0.14
9653,32,0
9654,33,0
9655,32,0
9656,33,0
9657,32,0
9658,33,0.36
9659,32,0
9660,1,1.03
9661,33,0
9662,32,0.06
9663,33,0.5
9664,32,0
9665,1,2.64
9666,1,52.92
9667,33,0.2
9668,1,1.25
9669,32,0
9670,33,0
9671,32,0
9672,1,1.6
9673,1,3.82
9674,33,0.18
9675,1,1270.52
9676,32,0.17
9677,33,0
9678,33,0.64
9679,32,0
9680,33,0.16
9681,32,0
9682,33,0
9683,32,0
9684,33,0.07
9685,32,0
9686,33,0.25
9687,32,0.09
9688,33,0
9689,32,0.25
9690,33,0
9691,32,0
9692,33,0
9693,32,0
9694,33,0.3
9695,32,0
9696,33,0.06
9697,32,0.26
9698,33,0
9699,32,0
9700,33,0.19
9701,32,0.28
9702,33,0
9703,1,986.83
9704,32,0.22
9705,33,0
9706,1,3.48
9707,1,1.71
9708,32,0
9709,1,1.69
9710,33,0.28
9711,1,1392.79
9712,1,3.2
9713,32,0.22
9714,33,0
9715,1,20.71
9716,32,0.54
9717,33,0
9718,1,1.28
9719,32,0.64
9720,33,0.32
9721,32,0.32
9722,33,0.22
9723,1,4.8
9724,32,0.13
9725,33,0.48
9726,1,146.04
9727,32,0
9728,33,0
9729,32,0.8
9730,33,0.5
9731,33,0
9732,1,14.46
9733,1,1.15
9734,32,0.08
9735,33,0.68
9736,32,0
9737,33,0
9738,1,1.74
9739,1,4.72
9740,32,0
9741,33,0
9742,32,0.86
9743,1,2.4
9744,1,2.31
9745,33,0
9746,32,0.14
9747,33,0.14
9748,32,0
9749,1,609.85
9750,1,1.32
9751,33,0
9752,32,0
9753,33,0
9754,32,0.1
9755,33,0.22
9756,32,0
9757,33,0.72
9758,32,0
9759,33,0.32
9760,1,776.93
9761,1,63.89
9762,32,0
9763,1,2.24
9764,33,0.5
9765,32,0
9766,33,0
9767,32,0
9768,33,0.38
9769,32,0
9770,33,0
9771,32,0
9772,1,2.8
9773,1,3.2
9774,33,0.18
9775,1,3.47
9776,32,0
9777,1,302.81
9778,1,26.3
9779,33,0
9780,32,0.16
9781,33,0
9782,32,0
9783,33,0
9784,32,0
9785,33,0
9786,1,1.07
9787,1,1.55
9788,1,907.63
9789,32,0.18
9790,33,0.58
9791,1,55.01
9792,32,0.08
9793,33,0.29
9794,32,0.26
9795,1,16.37
9796,1,3
9797,1,1.06
9798,1,2
9799,33,0.75
9800,33,0.08
9801,1,0.99
9802,32,0.82
9803,33,0.09
9804,32,0.78
9805,33,0.29
9806,32,0
9807,33,0.6
9808,32,0.3
9809,33,0.2
9810,1,1395.6
9811,32,0.8
9812,1,169.96
9813,33,0
9814,1,49.51
9815,32,0
9816,33,0
9817,1,2.83
9818,1,3.4
9819,32,0.54
9820,33,0
9821,1,74.97
9822,32,0
9823,33,0.13
9824,1,684.18
9825,32,0
9826,33,0
9827,1,1.06
9828,32,0.09
9829,33,0
9830,32,0
9831,33,0.64
9832,32,0.96
9833,33,0
9834,1,362.7
9835,32,0.43
9836,33,0
9837,32,0
9838,33,0
9839,32,0
9840,1,55.12
9841,33,0.1
9842,32,0
9843,33,0
9844,32,0
9845,1,1.01
9846,33,0.1
9847,32,0.12
9848,33,0
9849,1,2.8
9850,32,0.12
9851,33,0.21
9852,32,0.6
9853,1,193.92
9854,1,7.3
9855,33,0
9856,32,0.06
9857,1,234.44
9858,33,0.7
9859,33,0
9860,1,86.21
9861,32,0
9862,1,1
9863,1,2.1
9864,33,0.32
9865,32,0.2
9866,1,207.35
9867,33,0.25
9868,32,0
9869,1,5.1
9870,33,0
9871,32,0.29
9872,1,1.2
9873,33,0
9874,32,0
9875,33,0.32
9876,32,0.32
9877,33,0.34
9878,32,0.39
9879,1,1.12
9880,33,0
9881,1,3.12
9882,32,0
9883,1,1.6
9884,33,0
9885,32,0
9886,33,0.14
9887,32,0.26
9888,33,0
9889,32,0
9890,33,0
9891,32,0.24
9892,33,0.1
9893,32,0.3
9894,33,0
9895,1,2.02
9896,32,0
9897,33,0.22
9898,32,0
9899,1,1.84
9900,33,0
9901,32,0
9902,33,0
9903,32,0.5
9904,33,0
9905,32,0.22
9906,1,2.3
9907,33,0.32
9908,1,1.72
9909,1,2.24
9910,32,0
9911,33,0
9912,1,1.5
9913,32,0
9914,33,0
9915,1,331.4
9916,1,1.06
9917,32,0.8
9918,33,0.48
9919,33,0.8
9920,1,4.48
9921,1,310.76
9922,32,0
9923,1,142.55
9924,33,0.26
9925,32,0.35
9926,33,0
9927,32,0
9928,33,0.35
9929,32,0
9930,33,0
9931,1,28.72
9932,32,0.33
9933,33,0
9934,32,0
9935,33,0.83
9936,32,0
9937,33,0
9938,32,0.26
9939,1,269.99
9940,33,0.8
9941,1,1
9942,32,0
9943,33,0.75
9944,32,0
9945,33,0
9946,32,0.28
9947,33,0.11
9948,32,0
9949,33,0.24
9950,1,8.36
9951,32,0.13
9952,1,3.68
9953,33,0.14
9954,1,3.2
9955,32,0.14
9956,33,0.8
9957,32,0
9958,33,0
9959,1,87.58
9960,32,0.48
9961,33,0.16
9962,32,0
9963,33,0
9964,1,1.12
9965,32,0
9966,33,0.4
9967,32,0.24
9968,33,0
9969,32,0
9970,33,0.5
9971,32,0
9972,33,0.16
9973,32,0
9974,33,0
9975,33,0.62
9976,1,1.6
9977,32,0.53
9978,33,0.28
9979,32,0
9980,33,0.81
9981,32,0.1
9982,33,0.72
9983,32,0
9984,33,0.39
9985,32,0
9986,33,0
9987,32,0
9988,33,0
9989,32,0
9990,33,0
9991,32,0
9992,33,0
9993,32,0
9994,33,0.46
9995,32,0.64
9996,33,0
9997,32,0.34
9998,33,0
9999,32,0.1
10000,33,0
10001,32,0
10002,33,0.14
10003,32,0.29
10004,1,2.64
10005,1,2.94
10006,33,0
10007,1,1167.99
10008,32,0
10009,33,0
10010,32,0
10011,33,0.13
10012,32,0.34
10013,33,0
10014,32,0.08
10015,33,0
10016,1,62.32
10017,32,0.64
10018,33,0.26
10019,32,0
10020,33,0
10021,32,0
10022,33,0
10023,33,0.79
10024,32,0
10025,33,0.6
10026,32,0.16
10027,33,0.4
10028,32,0.16
10029,33,0
10030,32,0.38
10031,33,0.4
10032,32,0
10033,33,0
10034,32,0.06
10035,33,0
10036,1,69.3
10037,1,120.24
10038,32,0
10039,1,1
10040,33,0
10041,32,0
10042,33,0
10043,32,0
10044,1,15.87
10045,1,3.36
10046,33,0
10047,32,0
10048,33,0.12
10049,32,0.18
10050,1,1.74
10051,33,0
10052,1,364.51
10053,32,0
10054,33,0
10055,1,130.76
10056,32,0.54
10057,33,0
10058,32,0.35
10059,33,0
10060,32,0.26
10061,1,327.49
10062,33,0.14
10063,32,0
10064,33,0
10065,32,0
10066,33,0
10067,32,0.21
10068,33,0
10069,32,0
10070,33,0
10071,32,0.22
10072,33,0
10073,32,0
10074,1,1.28
10075,33,0.22
10076,1,374.76
10077,32,0
10078,33,0
10079,1,3.5
10080,1,1.32
10081,33,0
10082,32,0
10083,33,0.36
10084,32,0
10085,33,0.12
10086,32,0
10087,33,0.26
10088,32,0
10089,1,32.48
10090,1,860.59
10091,33,0.18
10092,32,0.86
10093,33,0.35
10094,32,0.72
10095,33,0
10096,1,281.27
10097,1,1.22
10098,32,0
10099,1,284.16
10100,33,0
10101,32,0.22
10102,33,0.16
10103,32,0.16
10104,33,0.8
10105,32,0.24
10106,33,0
10107,32,0
10108,1,106.19
10109,1,2.8
10110,33,0
10111,32,0
10112,33,0.36
10113,32,0.17
10114,33,0.13
10115,32,0
10116,33,0
10117,1,2.12
10118,32,0
10119,1,163.19
10120,33,0
10121,32,0
10122,1,299.64
10123,1,1.92
10124,33,0
10125,32,0
10126,33,0
10127,32,0
10128,33,0.08
10129,32,0
10130,33,0.5
10131,32,0.2
10132,33,0
10133,32,0
10134,33,0
10135,33,0
10136,32,0.18
10137,33,0
10138,32,0.69
10139,1,2.8
10140,33,0.7
10141,32,0.13
10142,33,0.28
10143,32,0
10144,33,0
10145,32,0
10146,33,0
10147,32,0
10148,33,0
10149,1,1.92
10150,1,3.65
10151,32,0.48
10152,33,0
10153,32,0.8
10154,33,0.46
10155,32,0.48
10156,1,458.7
10157,33,0.6
10158,32,0
10159,33,0.08
10160,32,0
10161,33,0
10162,32,0
10163,33,0
10164,32,0.44
10165,1,1.92
10166,33,0.72
10167,32,0.6
10168,33,0.56
10169,32,0.22
10170,33,0
10171,32,0.11
10172,1,15.19
10173,33,0
10174,32,0
10175,33,0.13
10176,32,0
10177,33,0.5
10178,32,0
10179,33,0.16
10180,32,0
10181,1,145.9
10182,33,0
10183,32,0.12
10184,1,65.45
10185,1,5.14
10186,1,2
10187,1,1.39
10188,33,0.54
10189,33,0.14
10190,32,0
10191,1,1.2
10192,33,0
10193,32,0
10194,33,0.76
10195,32,0.09
10196,33,0
10197,32,0
10198,33,0.13
10199,32,0
10200,33,0
10201,32,0.14
10202,33,0
10203,32,0.24
10204,1,3.92
10205,1,33.14
10206,33,0
10207,32,0.56
10208,1,0.98
10209,33,0
10210,32,0
10211,33,0.72
10212,1,11.52
10213,32,0
10214,33,0
10215,1,1.51
10216,32,0.2
10217,33,0
10218,32,0.2
10219,33,0
10220,32,0.06
10221,33,0
10222,32,0
10223,1,201.01
10224,33,0
10225,32,0
10226,33,0
10227,1,3.36
10228,32,0.53
10229,1,1.2
10230,33,0
10231,32,0
10232,33,0
10233,1,3.4
10234,32,0
10235,1,155.79
10236,1,1.4
10237,33,0.14
10238,32,0.16
10239,33,0.4
10240,32,0.5
10241,33,0
10242,32,0.8
10243,1,52.82
10244,33,0
10245,32,0.19
10246,33,0
10247,33,0.48
10248,32,0
10249,33,0
10250,1,47.83
10251,32,0
10252,33,0
10253,32,0
10254,33,0.88
10255,32,0
10256,33,0.4
10257,32,0
10258,33,0
10259,1,67.15
10260,32,0
10261,33,0
10262,32,0
10263,33,0
10264,32,0
10265,33,0
10266,32,0
10267,33,0.43
10268,1,396.49
10269,32,0.69
10270,33,0
10271,32,0.1
10272,33,0.18
10273,1,3.65
10274,1,48.91
10275,32,0
10276,33,0
10277,32,0
10278,1,710.35
10279,33,0.62
10280,32,0
10281,33,0
10282,1,1.2
10283,32,0
10284,1,35.44
10285,33,0.11
10286,32,0
10287,33,0
10288,32,0
10289,33,0.16
10290,1,1.52
10291,32,0
10292,33,0
10293,1,1.3
10294,32,0.41
10295,33,0
10296,32,0
10297,1,3.52
10298,1,1.2
10299,33,0
10300,32,0
10301,33,0.15
10302,33,0.08
10303,32,0
10304,33,0
10305,32,0
10306,33,0
10307,32,0
10308,33,0
10309,32,0
10310,33,0
10311,32,0
10312,1,21.54
10313,33,0
10314,32,0
10315,33,0
10316,32,0
10317,33,0.1
10318,32,0
10319,33,0
10320,32,0
10321,33,0
10322,32,0
10323,33,0.64
10324,32,0
10325,33,0
10326,32,0
10327,33,0
10328,1,1.33
10329,32,0
10330,1,1
10331,33,0.84
10332,32,0
10333,33,0
10334,1,166.18
10335,32,0
10336,33,0
10337,32,0
10338,33,0
10339,32,0
10340,33,0
10341,32,0.4
10342,1,6
10343,33,0
10344,32,0
10345,33,0.2
10346,32,0
10347,33,0
10348,32,0
10349,33,0
10350,1,1.4
10351,1,1
10352,1,1.6
10353,33,0.42
10354,32,0.13
10355,33,0
10356,32,0
10357,33,0.8
10358,32,0
10359,33,0
10360,32,0
10361,33,0
10362,32,0.28
10363,33,0
10364,1,180.25
10365,32,0
10366,33,0.43
10367,32,0.08
10368,33,0
10369,32,0.2
10370,33,0
10371,1,148.94
10372,32,0
10373,1,1.12
10374,33,0
10375,32,0
10376,33,0
10377,32,0.26
10378,33,0
10379,32,0.7
10380,1,1.02
10381,1,1.36
10382,1,9.91
10383,1,2.88
10384,33,0.56
10385,1,608.96
10386,1,2.02
10387,1,1.87
10388,1,7.22
10389,32,0
10390,1,396.67
10391,33,0.3
10392,32,0.08
10393,33,0
10394,32,0.12
10395,1,1.28
10396,33,0.22
10397,32,0
10398,33,0
10399,32,0.08
10400,1,4.4
10401,33,0.25
10402,1,1.68
10403,32,0.16
10404,33,0.67
10405,32,0.38
10406,33,0
10407,32,0.89
10408,33,0
10409,32,0.09
10410,33,0.11
10411,32,0
10412,1,206.5
10413,33,0.08
10414,1,5.6
10415,33,0.13
10416,32,0
10417,33,0.4
10418,32,0.26
10419,33,0
10420,32,0
10421,33,0
10422,32,0.66
10423,33,0.42
10424,32,0.5
10425,33,0.89
10426,32,0
10427,33,0
10428,32,0
10429,33,0
10430,32,0
10431,33,0
10432,1,1.24
10433,32,0.07
10434,33,0
10435,32,0
10436,33,0
10437,1,2.5
10438,1,6.72
10439,1,1.56
10440,32,0
10441,1,1.52
10442,33,0.2
10443,32,0.16
10444,1,1.08
10445,33,0.18
10446,32,0
10447,33,0.48
10448,32,0
10449,33,0
10450,32,0.2
10451,33,0
10452,32,0.18
10453,1,1.5
10454,33,0.85
10455,32,0.22
10456,33,0
10457,32,0.2
10458,33,0.38
10459,32,0.2
10460,33,0
10461,32,0
10462,33,0.53
10463,32,0.1
10464,33,0
10465,33,0.2
10466,32,0
10467,1,2.14
10468,33,0
10469,32,0
10470,33,0
10471,1,75.14
10472,32,0
10473,33,0
10474,32,0.32
10475,33,0
10476,32,0
10477,33,0
10478,32,0
10479,33,0
10480,32,0
10481,33,0
10482,32,0.06
10483,33,0
10484,1,107.22
10485,32,0
10486,33,0
10487,32,0
10488,33,0.41
10489,32,0
10490,33,0
10491,32,0
10492,1,1.12
10493,33,0
10494,1,5.16
10495,32,0.06
10496,33,0
10497,32,0.46
10498,1,3.1
10499,33,0
10500,1,3.12
10501,1,23.97
10502,32,0.16
10503,33,0
10504,32,0.38
10505,33,0.08
10506,32,0.5
10507,33,0.64
10508,32,0.08
10509,33,0
10510,32,0
10511,33,0
10512,1,147.38
10513,1,59.89
10514,1,1.68
10515,32,0
10516,1,1.28
10517,33,0.14
10518,32,0.2
10519,33,0
10520,1,1.28
10521,33,0
10522,32,0
10523,33,0.29
10524,32,0.08
10525,33,0.1
10526,1,1.2
10527,32,0
10528,33,0
10529,32,0.4
10530,33,0
10531,32,0
10532,33,0
10533,32,0
10534,33,0
10535,32,0
10536,33,0
10537,1,485.04
10538,32,0
10539,1,1.07
10540,33,0
10541,1,72.54
10542,32,0.06
10543,1,27.42
10544,33,0.14
10545,32,0.87
10546,1,577.52
10547,33,0.08
10548,32,0
10549,33,0
10550,1,5.38
10551,32,0.19
10552,33,0.24
10553,32,0
10554,33,0
10555,32,0
10556,33,0
10557,32,0.96
10558,33,0.6
10559,32,0
10560,33,0.48
10561,32,0.76
10562,33,0
10563,32,0.14
10564,1,29.23
10565,33,0
10566,32,0.06
10567,33,0
10568,1,7.16
10569,32,0.19
10570,33,0.32
10571,32,0.14
10572,33,0
10573,32,0.8
10574,1,13.44
10575,1,3.6
10576,33,0.11
10577,33,0
10578,32,0
10579,33,0.16
10580,32,0
10581,33,0
10582,32,0
10583,33,0
10584,32,0.34
10585,33,0
10586,32,0.13
10587,33,0.29
10588,32,0
10589,33,0.44
10590,1,33.6
10591,32,0.3
10592,33,0.48
10593,32,0
10594,33,0
10595,1,71.29
10596,32,0.06
10597,1,1.2
10598,33,0.1
10599,1,2.4
10600,32,0.08
10601,33,0
10602,32,0
10603,33,0
10604,32,0
10605,33,0.09
10606,32,0
10607,33,0
10608,32,0.08
10609,33,0
10610,32,0
10611,1,1.6
10612,33,0
10613,32,0
10614,33,0.08
10615,32,0.08
10616,33,0.4
10617,32,0
10618,33,0
10619,32,0
10620,33,0
10621,32,0
10622,33,0
10623,32,0
10624,33,0
10625,33,0
10626,32,0
10627,1,2.32
10628,1,6.29
10629,33,0.19
10630,32,0
10631,33,0.18
10632,32,0.75
10633,33,0.5
10634,32,0
10635,33,0
10636,1,1.18
10637,1,2.88
10638,1,1.8
10639,1,9.94
10640,32,0
10641,1,21.61
10642,1,1.92
10643,1,116.23
10644,33,0
10645,32,0
10646,33,0
10647,32,0
10648,33,0.6
10649,1,705.32
10650,32,0
10651,33,0
10652,32,0.66
10653,33,0
10654,32,0
10655,33,0
10656,1,1.98
10657,32,0.24
10658,33,0
10659,1,2.12
10660,32,0.08
10661,1,1.68
10662,33,0.44
10663,32,0
10664,1,0.98
10665,1,3.2
10666,33,0
10667,32,0
10668,33,0.81
10669,32,0
10670,33,0
10671,32,0.77
10672,33,0
10673,1,3.84
10674,32,0
10675,1,7.8
10676,33,0
10677,32,0
10678,33,0
10679,1,745.85
10680,32,0.06
10681,1,167.38
10682,33,0.29
10683,1,1.06
10684,32,0.14
10685,33,0
10686,32,0.36
10687,1,64.4
10688,33,0.4
10689,32,0
10690,33,0
10691,33,0
10692,32,0
10693,33,0
10694,1,109.13
10695,32,0
10696,33,0.96
10697,1,1.92
10698,32,0.24
10699,33,0
10700,1,33.96
10701,32,0
10702,1,24.15
10703,1,1.31
10704,33,0
10705,1,1
10706,32,0.2
10707,1,687.99
10708,33,0.13
10709,1,1.26
10710,32,0
10711,33,0
10712,32,0.16
10713,33,0.7
10714,32,0.56
10715,33,0
10716,32,0.8
10717,1,1
10718,33,0
10719,32,0
10720,33,0
10721,32,0
10722,33,0.3
10723,32,0.38
10724,33,0
10725,1,82.13
10726,32,0
10727,33,0.64
10728,32,0
10729,33,0.36
10730,32,0
10731,33,0
10732,32,0
10733,33,0.13
10734,1,2.85
10735,1,60.74
10736,32,0
10737,33,0.26
10738,32,0
10739,33,0.14
10740,32,0.9
10741,1,1
10742,33,0
10743,32,0.17
10744,33,0
10745,32,0
10746,33,0.7
10747,33,0
10748,1,1.6
10749,32,0
10750,1,5.28
10751,33,0.61
10752,32,0
10753,33,0
10754,1,1.4
10755,32,0.2
10756,33,0
10757,32,0
10758,33,0
10759,32,0
10760,1,4.4
10761,33,0.16
10762,32,0
10763,33,0
10764,32,0
10765,33,0.49
10766,32,0
10767,33,0
10768,1,1.16
10769,32,0
10770,1,1.4
10771,33,0
10772,32,0.22
10773,33,0
10774,32,0
10775,33,0
10776,32,0
10777,33,0
10778,32,0.12
10779,33,0.42
10780,32,0
10781,1,3.11
10782,33,0
10783,32,0
10784,33,0.08
10785,32,0
10786,33,0
10787,1,6.56
10788,32,0
10789,33,0
10790,32,0.64
10791,1,2.24
10792,33,0
10793,1,88.12
10794,32,0
10795,33,0
10796,1,1.39
10797,32,0
10798,33,0
10799,32,0.1
10800,33,0
10801,33,0
10802,32,0.18
10803,33,0.13
10804,32,0.12
10805,1,616
10806,33,0
10807,32,0.48
10808,33,0
10809,32,0
10810,1,4.48
10811,33,0
10812,32,0
10813,1,50.83
10814,33,0
10815,32,0
10816,33,0.16
10817,32,0
10818,33,0.13
10819,32,0.5
10820,33,0
10821,32,0
10822,33,0.13
10823,32,0.2
10824,33,0
10825,32,0.32
10826,1,2.76
10827,33,0.7
10828,32,0.08
10829,33,0.3
10830,32,0
10831,33,0.13
10832,32,0
10833,1,64.19
10834,1,488.25
10835,33,0.4
10836,32,0.32
10837,33,0.3
10838,32,0
10839,33,0
10840,1,196.83
10841,32,0.3
10842,33,0
10843,32,0
10844,33,0
10845,32,0
10846,33,0
10847,32,0.1
10848,1,76.77
10849,33,0.64
10850,32,0
10851,33,0.32
10852,32,0
10853,1,115.38
10854,33,0.09
10855,33,0.8
10856,32,0
10857,33,0
10858,32,0.32
10859,33,0
10860,32,0.54
10861,33,0
10862,32,0.1
10863,33,0.2
10864,32,0
10865,1,48.99
10866,33,0
10867,32,0
10868,33,0
10869,32,0
10870,33,0
10871,32,0
10872,33,0
10873,32,0.45
10874,33,0
10875,32,0
10876,33,0
10877,32,0.16
10878,33,0
10879,32,0.47
10880,33,0
10881,32,0.08
10882,33,0
10883,32,0.53
10884,33,0.16
10885,32,0
10886,1,52.61
10887,33,0.07
10888,32,0.08
10889,33,0.49
10890,32,0.14
10891,33,0
10892,32,0
10893,33,0.1
10894,32,0
10895,33,0
10896,32,0
10897,33,0.26
10898,32,0
10899,33,0.48
10900,33,0.6
10901,32,0.26
10902,33,0.16
10903,32,0
10904,33,0
10905,32,0
10906,33,0.43
10907,32,0
10908,33,0
10909,32,0.36
10910,33,0
10911,32,0.48
10912,33,0.21
10913,32,0.16
10914,33,0
10915,32,0.1
10916,33,0.39
10917,1,1.98
10918,1,5.72
10919,32,0.56
10920,33,0.72
10921,32,0
10922,1,2.56
10923,33,0
10924,32,0.48
10925,33,0
10926,32,0
10927,1,1.4
10928,33,0.14
10929,1,3.68
10930,1,1.3
10931,32,0
10932,33,0
10933,32,0
10934,33,0
10935,32,0.64
10936,33,0
10937,32,0.13
10938,33,0
10939,1,343.37
10940,32,0.4
10941,33,0.24
10942,32,0.18
10943,1,5.46
10944,33,0
10945,32,0
10946,1,21.16
10947,33,0
10948,32,0
10949,33,0
10950,1,2.24
10951,32,0
10952,33,0.25
10953,33,0
10954,1,154.11
10955,32,0
10956,33,0.06
10957,32,0.12
10958,33,0.96
10959,32,0.1
10960,33,0
10961,32,0
10962,33,0
10963,32,0
10964,33,0
10965,32,0
10966,1,1.82
10967,33,0
10968,32,0
10969,33,0.32
10970,32,0
10971,33,0
10972,32,0.56
10973,1,1.44
10974,33,0
10975,1,1.67
10976,32,0.6
10977,33,0.51
10978,32,0.19
10979,33,0
10980,1,1.75
10981,32,0
10982,33,0
10983,32,0
10984,33,0
10985,32,0
10986,33,0
10987,32,0
10988,33,0
10989,32,0
10990,33,0
10991,1,139.62
10992,32,0
10993,1,89.09
10994,33,0
10995,32,0
10996,33,0
10997,32,0
10998,33,0
10999,32,0
11000,33,0.24
11001,32,0
11002,33,0
11003,32,0
11004,1,39.78
11005,33,0
11006,33,0
11007,32,0
11008,1,1.25
11009,1,45.98
11010,1,156.6
11011,33,0
11012,32,0
11013,33,0
11014,32,0
11015,33,0
11016,32,0
11017,1,1.02
11018,33,0
11019,1,4.65
11020,32,0
11021,1,28.39
11022,33,0
11023,32,0
11024,1,1.58
11025,1,59.98
11026,33,0.44
11027,1,3.08
11028,32,0
11029,33,0
11030,32,0
11031,33,0
11032,32,0.08
11033,33,0.1
11034,32,0
11035,33,0
11036,1,5.12
11037,32,0.2
11038,33,0.88
11039,32,0
11040,33,0.4
11041,32,0
11042,33,0.6
11043,1,732.94
11044,32,0
11045,33,0
11046,32,0
11047,33,0
11048,32,0
11049,33,0
11050,32,0.13
11051,33,0.28
11052,32,0.85
11053,33,0.13
11054,1,3.61
11055,32,0.07
11056,1,65.56
11057,33,0.29
11058,32,0.4
11059,33,0.48
11060,32,0.8
11061,33,0
11062,33,0.08
11063,32,0
11064,33,0
11065,32,0
11066,33,0
11067,32,0.09
11068,33,0
11069,32,0.18
11070,33,0
11071,1,1.92
11072,1,2.16
11073,32,0.48
11074,33,0
11075,32,0.48
11076,1,2.28
11077,33,0.29
11078,32,0
11079,33,0.44
11080,32,0
11081,33,0
11082,1,1.85
11083,32,0.32
11084,33,0.84
11085,32,0.64
11086,1,139.76
11087,33,0.47
11088,32,0
11089,33,0
11090,32,0.25
11091,33,0.4
11092,32,0.06
11093,1,1.2
11094,33,0
11095,32,0
11096,33,0
11097,32,0
11098,33,0
11099,32,0
11100,33,0
11101,32,0.72
11102,33,0
11103,32,0
11104,1,1.79
11105,33,0.12
11106,32,0.16
11107,1,258.17
11108,33,0
11109,32,0
11110,33,0
11111,1,34.23
11112,32,0
11113,33,0.24
11114,32,0.64
11115,33,0
11116,33,0
11117,32,0
11118,1,2.54
11119,1,1.6
11120,33,0
11121,32,0
11122,33,0
11123,32,0
11124,1,3.36
11125,33,0.2
11126,1,1.48
11127,32,0
11128,33,0.32
11129,32,0
11130,33,0.72
11131,32,0.32
11132,1,2.8
11133,33,0
11134,32,0.06
11135,33,0.72
11136,32,0.13
11137,33,0
11138,1,449.22
11139,32,0.18
11140,33,0.1
11141,32,0.64
11142,33,0
11143,1,1
11144,32,0
11145,33,0
11146,32,0.44
11147,1,1.95
11148,33,0.11
11149,32,0
11150,33,0
11151,32,0
11152,33,0
11153,32,0.6
11154,33,0
11155,32,0
11156,33,0
11157,1,65.5
11158,32,0.09
11159,33,0
11160,1,121.96
11161,32,0
11162,33,0
11163,32,0
11164,33,0
11165,32,0.2
11166,1,1.5
11167,33,0
11168,32,0
11169,33,0
11170,33,0
11171,32,0.1
11172,33,0.6
11173,32,0
11174,33,0
11175,32,0.18
11176,33,0.08
11177,32,0.96
11178,33,0.5
11179,1,433.53
11180,1,126.51
11181,32,0.64
11182,33,0.14
11183,32,0
11184,33,0
11185,32,0
11186,33,0
11187,32,0.8
11188,33,0
11189,1,3
11190,1,1.12
11191,32,0
11192,33,0.08
11193,32,0
11194,33,0
11195,32,0
11196,33,0.84
11197,1,1.4
11198,1,250.75
11199,32,0.24
11200,33,0.16
11201,32,0
11202,33,0
11203,32,0
11204,33,0
11205,32,0.48
11206,33,0
11207,32,0
11208,33,0.49
11209,32,0.22
11210,33,0.6
11211,32,0
11212,33,0.11
11213,32,0.4
11214,1,133.66
11215,33,0.24
11216,32,0.36
11217,33,0
11218,32,0
11219,1,12.75
11220,33,0
11221,33,0
11222,32,0.08
11223,33,0
11224,32,0
11225,33,0.4
11226,1,86.85
11227,32,0
11228,33,0
11229,32,0.29
11230,1,14.28
11231,33,0.36
11232,32,0
11233,1,1.98
11234,1,329.61
11235,33,0
11236,32,0
11237,33,0
11238,1,95.94
11239,32,0.72
11240,33,0.07
11241,1,3.97
11242,1,4.77
11243,32,0.42
11244,1,1.44
11245,33,0.4
11246,32,0
11247,33,0
11248,32,0
11249,33,0
11250,1,6.48
11251,1,522.76
11252,32,0
11253,33,0
11254,32,0
11255,33,0.72
11256,1,248
11257,32,0
11258,33,0.08
11259,32,0
11260,33,0
11261,1,108.43
11262,32,0
11263,33,0
11264,32,0
11265,33,0.24
11266,32,0.25
11267,33,0
11268,32,0.6
11269,33,0
11270,32,0
11271,33,0.48
11272,32,0
11273,33,0
11274,1,2.62
11275,32,0.06
11276,33,0.14
11277,32,0
11278,33,0.56
11279,1,345.48
11280,33,0
11281,32,0
11282,33,0.1
11283,32,0
11284,1,28.97
11285,33,0
11286,32,0
11287,1,4.33
11288,33,0.16
11289,32,0
11290,33,0.1
11291,32,0.2
11292,33,0.8
11293,32,0.1
11294,1,49.93
11295,33,0.14
11296,32,0
11297,33,0.37
11298,1,54.19
11299,32,0
11300,1,459.53
11301,33,0
11302,32,0
11303,33,0.58
11304,1,43.78
11305,1,1.7
11306,1,204.04
11307,32,0
11308,1,5.4
11309,33,0.56
11310,1,2.4
11311,32,0
11312,33,0
11313,32,0.1
11314,33,0
11315,32,0
11316,1,4.48
11317,33,0
11318,32,0
11319,1,1.78
11320,33,0
11321,32,0
11322,33,0
11323,1,1.6
11324,32,0.5
11325,33,0
11326,1,1.2
11327,32,0
11328,33,0.13
11329,1,1.28
11330,32,0
11331,33,0
11332,1,1.1
11333,32,0.25
11334,1,11.02
11335,1,1.64
11336,33,0
11337,32,0.32
11338,33,0.08
11339,1,101.31
11340,32,0.16
11341,33,0
11342,33,0
11343,1,79.59
11344,32,0
11345,1,3.91
11346,33,0.8
11347,1,313.88
11348,32,0
11349,1,1.2
11350,33,0.24
11351,32,0
11352,33,0
11353,1,1.2
11354,32,0.25
11355,33,0
11356,32,0
11357,33,0
11358,32,0.16
11359,1,1.6
11360,33,0.78
11361,32,0.1
11362,33,0
11363,1,3.36
11364,32,0
11365,1,7.56
11366,33,0
11367,32,0.08
11368,33,0
11369,32,0.18
11370,33,0
11371,32,0
11372,33,0
11373,1,72.67
11374,32,0
11375,1,4
11376,33,0
11377,32,0
11378,33,0
11379,32,0
11380,33,0
11381,32,0
11382,1,51.24
11383,33,0
11384,32,0
11385,33,0
11386,32,0.07
11387,33,0
11388,32,0
11389,33,0
11390,32,0.8
11391,33,0.3
11392,32,0.18
11393,33,0.06
11394,32,0.32
11395,33,0.24
11396,33,0
11397,32,0
11398,33,0.4
11399,32,0
11400,33,0
11401,32,0.79
11402,33,0
11403,32,0
11404,33,0.1
11405,1,1.4
11406,1,52.58
11407,1,5.29
11408,1,3.2
11409,32,0
11410,33,0.14
11411,1,134.11
11412,32,0
11413,33,0
11414,32,0.32
11415,33,0
11416,32,0
11417,1,43.19
11418,1,43.7
11419,33,0
11420,32,0
11421,33,0.18
11422,32,0
11423,33,0.36
11424,32,0.54
11425,33,0
11426,32,0
11427,33,0
11428,32,0
11429,33,0.72
11430,32,0.32
11431,1,48.17
11432,33,0
11433,32,0.22
11434,33,0
11435,32,0
11436,1,2.48
11437,33,0.13
11438,32,0
11439,33,0.1
11440,1,696.6
11441,1,1.18
11442,32,0
11443,33,0.25
11444,32,0.08
11445,33,0.1
11446,32,0.06
11447,33,0
11448,32,0
11449,33,0
11450,1,108.89
11451,1,584.56
11452,32,0.84
11453,1,1.1
11454,1,24.86
11455,33,0
11456,1,21.89
11457,33,0.12
11458,32,0
11459,33,0
11460,32,0.67
11461,33,0.5
11462,32,0
11463,33,0.9
11464,32,0
11465,33,0.25
11466,32,0
11467,33,0.16
11468,32,0.16
11469,1,2.18
11470,1,38.53
11471,33,0.18
11472,32,0.1
11473,33,0
11474,32,0
11475,33,0.54
11476,32,0
11477,33,0
11478,32,0.16
11479,33,0.1
11480,32,0
11481,1,1.89
11482,33,0
11483,1,3.79
11484,1,1.12
11485,32,0.34
11486,33,0.5
11487,32,0.22
11488,33,0
11489,32,0
11490,33,0
11491,32,0
11492,33,0.68
11493,1,236.61
11494,32,0
11495,33,0.32
11496,32,0
11497,33,0
11498,1,1.6
11499,32,0
11500,33,0
11501,32,0
11502,33,0
11503,32,0
11504,33,0.18
11505,1,20.86
11506,1,1.6
11507,1,2.97
11508,32,0.53
11509,33,0.4
11510,33,0
11511,32,0
11512,1,1.32
11513,33,0.16
11514,32,0.14
11515,33,0.08
11516,32,0
11517,1,185.81
11518,33,0
11519,32,0
11520,1,205.11
11521,33,0.28
11522,1,129.05
11523,32,0.57
11524,33,0
11525,1,174.24
11526,32,0
11527,1,95.33
11528,33,0.1
11529,32,0
11530,1,89.38
11531,33,0
11532,32,0
11533,1,8.12
11534,33,0
11535,32,0
11536,33,0.06
11537,32,0.08
11538,1,3.84
11539,33,0.96
11540,1,285.47
11541,32,0
11542,33,0
11543,32,0
11544,33,0
11545,1,7.84
11546,32,0.08
11547,1,1.56
11548,33,0.8
11549,32,0
11550,33,0.72
11551,32,0
11552,33,0.06
11553,32,0
11554,33,0
11555,1,1
11556,32,0.7
11557,33,0
11558,1,1.82
11559,32,0
11560,1,1.2
11561,1,2.4
11562,1,1.76
11563,33,0.32
11564,32,0
11565,33,0
11566,32,0
11567,33,0
11568,32,0.56
11569,33,0
11570,32,0.6
11571,33,0.83
11572,1,198.2
11573,1,211.83
11574,33,0
11575,1,3.38
11576,32,0.4
11577,33,0
11578,1,2.4
11579,32,0
11580,33,0.12
11581,32,0
11582,1,52.33
11583,33,0.64
11584,32,0
11585,33,0
11586,1,1.08
11587,32,0
11588,1,1.74
11589,33,0
11590,32,0
11591,33,0
11592,32,0.32
11593,33,0
11594,1,788.17
11595,32,0
11596,33,0
11597,32,0.2
11598,33,0.33
11599,32,0
11600,1,1.19
11601,33,0
11602,1,9
11603,1,1.52
11604,32,0.96
11605,33,0.1
11606,32,0
11607,33,0.67
11608,32,0
11609,1,1.2
11610,33,0.44
11611,1,1.92
11612,32,0
11613,33,0.18
11614,1,1.92
11615,1,1.02
11616,32,0
11617,33,0
11618,1,2.56
11619,32,0
11620,33,0
11621,1,109.63
11622,32,0
11623,33,0.6
11624,32,0.16
11625,1,174.21
11626,33,0
11627,32,0
11628,1,199.79
11629,33,0
11630,32,0
11631,33,0
11632,32,0
11633,33,0.38
11634,33,0
11635,1,1.8
11636,1,68.82
11637,32,0
11638,1,2.4
11639,1,2.4
11640,1,1.18
11641,1,3
11642,33,0.35
11643,1,2.88
11644,32,0.08
11645,33,0.66
11646,1,1.6
11647,32,0
11648,33,0.4
11649,1,1.6
11650,32,0
11651,33,0
11652,32,0.4
11653,33,0
11654,32,0
11655,1,1.8
11656,33,0
11657,32,0
11658,33,0
11659,1,22.08
11660,32,0
11661,33,0
11662,32,0
11663,33,0.07
11664,32,0
11665,1,1.26
11666,33,0.25
11667,32,0
11668,33,0.4
11669,32,0.12
11670,1,589.53
11671,33,0
11672,32,0
11673,33,0.72
11674,1,621.83
11675,1,3.46
11676,32,0.78
11677,33,0
11678,32,0
11679,33,0
11680,32,0.7
11681,33,0
11682,32,0.1
11683,33,0.5
11684,32,0
11685,33,0
11686,1,4
11687,32,0
11688,33,0
11689,32,0.28
11690,33,0.22
11691,32,0.12
11692,33,0.72
11693,33,0.12
11694,32,0.18
11695,33,0.35
11696,32,0
11697,1,2.4
11698,33,0
11699,32,0.8
11700,33,0.56
11701,32,0
11702,1,1.08
11703,1,2.32
11704,1,437.61
11705,33,0
11706,1,32.28
11707,32,0.16
11708,33,0
11709,1,173.45
11710,32,0.29
11711,33,0
11712,32,0.32
11713,33,0.66
11714,32,0.94
11715,33,0.8
11716,32,0.25
11717,33,0.24
11718,32,0
11719,33,0
11720,32,0
11721,33,0
11722,1,1.44
11723,32,0
11724,33,0.42
11725,32,0
11726,33,0.5
11727,32,0
11728,1,35.73
11729,33,0
11730,1,1.65
11731,1,3.1
11732,32,0
11733,33,0
11734,32,0
11735,33,0
11736,32,0
11737,1,1.3
11738,33,0
11739,1,118.91
11740,1,6.15
11741,32,0
11742,33,0
11743,32,0.48
11744,33,0
11745,32,0
11746,33,0.21
11747,32,0.36
11748,33,0.08
11749,32,0.2
11750,33,0
11751,33,0
11752,1,64.06
11753,32,0
11754,1,16.39
11755,33,0.3
11756,32,0.16
11757,33,0
11758,32,0.14
11759,33,0
11760,32,0
11761,33,0
11762,32,0.18
11763,33,0
11764,32,0.18
11765,33,0.35
11766,32,0.4
11767,33,0.06
11768,32,0.16
11769,33,0.1
11770,1,1021.56
11771,32,0
11772,33,0
11773,32,0
11774,33,0
11775,32,0
11776,33,0.24
11777,32,0
11778,33,0.81
11779,32,0
11780,33,0.2
11781,32,0.67
11782,33,0
11783,32,0
11784,33,0
11785,32,0
11786,33,0.18
11787,32,0.29
11788,1,1.92
11789,33,0.19
11790,32,0.89
11791,33,0
11792,32,0
11793,33,0.19
11794,32,0.29
11795,33,0
11796,1,1.2
11797,32,0
11798,33,0
11799,33,0.72
11800,32,0
11801,33,0
11802,32,0
11803,33,0.14
11804,32,0.8
11805,33,0
11806,32,0
11807,33,0.12
11808,32,0
11809,1,345.56
11810,33,0.11
11811,32,0
11812,33,0
11813,32,0.24
11814,33,0
11815,1,3.24
11816,32,0
11817,33,0.06
11818,32,0
11819,33,0.32
11820,1,46.47
11821,32,0.1
11822,33,0
11823,32,0.37
11824,33,0
11825,1,622.12
11826,32,0
11827,33,0
11828,32,0
11829,33,0
11830,1,2.64
11831,32,0
11832,33,0
11833,32,0
11834,33,0
11835,32,0.12
11836,33,0
11837,1,155.85
11838,1,56.37
11839,32,0
11840,33,0
11841,32,0
11842,33,0
11843,32,0
11844,33,0
11845,32,0.64
11846,1,64.15
11847,33,0.08
11848,32,0
11849,1,2.2
11850,33,0
11851,1,1.12
11852,33,0
11853,32,0
11854,1,2
11855,33,0
11856,32,0
11857,33,0
11858,32,0.2
11859,33,0.3
11860,1,283.13
11861,32,0
11862,33,0.29
11863,32,0
11864,33,0
11865,32,0
11866,33,0
11867,32,0.12
11868,33,0.19
11869,32,0
11870,33,0
11871,32,0
11872,33,0.08
11873,32,0
11874,1,104.48
11875,33,0
11876,32,0
11877,33,0.4
11878,32,0
11879,33,0.24
11880,1,333.34
11881,32,0.24
11882,33,0
11883,32,0
11884,1,3
11885,33,0
11886,32,0
11887,1,2.52
11888,1,1.8
11889,1,1.08
11890,33,0
11891,32,0
11892,33,0
11893,32,0.36
11894,1,140.34
11895,33,0
11896,32,0
11897,33,0.32
11898,32,0
11899,33,0.08
11900,32,0
11901,33,0.36
11902,32,0.36
11903,1,144.93
11904,1,2.1
11905,33,0
11906,1,1.3
11907,32,0
11908,33,0
11909,33,0
11910,32,0
11911,1,1.52
11912,33,0
11913,32,0
11914,33,0
11915,32,0
11916,33,0.12
11917,32,0
11918,33,0
11919,32,0
11920,1,1.67
11921,33,0.09
11922,32,0
11923,33,0
11924,32,0
11925,33,0
11926,32,0
11927,33,0
11928,32,0.1
11929,33,0.24
11930,1,2.8
11931,32,0.6
11932,33,0
11933,1,1
11934,32,0.76
11935,33,0
11936,32,0
11937,33,0
11938,1,3.13
11939,32,0.2
11940,33,0
11941,32,0
11942,33,0.26
11943,32,0.13
11944,33,0
11945,32,0
11946,1,49.96
11947,33,0.27
11948,32,0.08
11949,33,0
11950,32,0
11951,33,0
11952,32,0
11953,33,0
11954,32,0.5
11955,33,0.24
11956,32,0.56
11957,1,2.24
11958,33,0.16
11959,33,0
11960,1,1.61
11961,32,0
11962,33,0.12
11963,32,0.13
11964,33,0
11965,32,0.64
11966,1,12.74
11967,33,0
11968,32,0.5
11969,1,68.61
11970,33,0
11971,32,0
11972,33,0
11973,32,0
11974,33,0.3
11975,32,0
11976,33,0.26
11977,32,0
11978,33,0
11979,32,0
11980,33,0
11981,32,0
11982,1,1.12
11983,33,0
11984,32,0
11985,1,73.51
11986,33,0.58
11987,32,0.8
11988,33,0.72
11989,32,0.16
11990,1,7.68
11991,33,0
11992,32,0
11993,33,0.2
11994,32,0.48
11995,33,0.4
11996,32,0
11997,33,0.21
11998,32,0.8
11999,33,0
12000,1,1.6
12001,1,1.3
12002,32,0
12003,33,0.48
12004,32,0.4
12005,33,0
12006,32,0.44
12007,33,0.93
12008,32,0
12009,33,0.06
12010,1,4.6
12011,33,0.4
12012,32,0.58
12013,33,0
12014,32,0.96
12015,33,0
12016,32,0.8
12017,1,1.65
12018,33,0.7
12019,1,2
12020,32,0
12021,33,0.06
12022,32,0
12023,33,0
12024,32,0
12025,33,0.2
12026,32,0
12027,33,0.16
12028,1,1.26
12029,32,0.19
12030,1,265.08
12031,33,0.35
12032,32,0
12033,33,0
12034,1,2.48
12035,32,0
12036,1,1.44
12037,33,0.5
12038,32,0
12039,33,0
12040,32,0.24
12041,33,0
12042,32,0
12043,33,0.19
12044,32,0
12045,33,0.26
12046,32,0.09
12047,33,0.24
12048,32,0
12049,33,0.4
12050,1,1.34
12051,32,0
12052,1,101.24
12053,33,0
12054,32,0
12055,1,368.67
12056,33,0.16
12057,32,0.56
12058,1,2
12059,33,0.09
12060,32,0
12061,33,0
12062,32,0.42
12063,33,0.2
12064,1,66.75
12065,32,0
12066,1,1
12067,1,120.39
12068,33,0
12069,33,0.26
12070,32,0.36
12071,33,0
12072,32,0
12073,33,0.12
12074,1,58.38
12075,32,0.22
12076,1,28.78
12077,33,0
12078,32,0
12079,33,0
12080,32,0.26
12081,33,0
12082,32,0
12083,33,0.1
12084,32,0
12085,33,0.08
12086,1,239.89
12087,32,0.06
12088,33,0.5
12089,32,0
12090,33,0
12091,32,0
12092,33,0.14
12093,32,0
12094,33,0
12095,32,0
12096,33,0.11
12097,32,0.48
12098,1,2.04
12099,1,1.44
12100,33,0
12101,32,0.1
12102,1,1.2
12103,33,0.16
12104,32,0
12105,33,0
12106,1,1.56
12107,32,0.24
12108,33,0.4
12109,32,0.8
12110,1,2
12111,33,0.6
12112,1,1
12113,32,0
12114,33,0
12115,32,0.29
12116,33,0.08
12117,32,0.22
12118,33,0
12119,1,3.6
12120,32,0.19
12121,33,0.42
12122,33,0
12123,32,0
12124,1,1.6
12125,33,0
12126,32,0.07
12127,33,0.22
12128,32,0
12129,33,0
12130,32,0
12131,33,0
12132,32,0
12133,1,21.69
12134,33,0
12135,32,0.12
12136,33,0
12137,1,1.73
12138,32,0.4
12139,33,0
12140,32,0.21
12141,1,2.8
12142,33,0.4
12143,1,4.78
12144,32,0
12145,33,0.4
12146,32,0
12147,33,0.21
12148,1,213.46
12149,32,0
12150,33,0.8
12151,32,0.28
12152,33,0.07
12153,32,0
12154,33,0
12155,32,0.22
12156,33,0
12157,1,3.46
12158,32,0
12159,33,0
12160,1,121.2
12161,32,0
12162,33,0.32
12163,1,27.82
12164,32,0
12165,33,0
12166,1,1.4
12167,32,0
12168,1,1.73
12169,33,0.72
12170,32,0.64
12171,33,0
12172,32,0
12173,1,1.12
12174,33,0
12175,32,0
12176,33,0
12177,32,0
12178,33,0
12179,33,0
12180,32,0
12181,33,0
12182,32,0.1
12183,1,2.88
12184,33,0.16
12185,32,0.78
12186,33,0
12187,32,0
12188,33,0.37
12189,32,0
12190,33,0.5
12191,32,0
12192,33,0.66
12193,32,0
12194,33,0
12195,32,0
12196,33,0
12197,1,4.06
12198,1,4.8
12199,32,0
12200,33,0
12201,32,0.18
12202,33,0
12203,1,255.48
12204,32,0
12205,33,0
12206,1,1.72
12207,32,0
12208,1,1.35
12209,1,1.2
12210,1,4
12211,33,0
12212,32,0.7
12213,33,0.44
12214,32,0
12215,33,0.4
12216,32,0
12217,33,0
12218,32,0
12219,33,0
12220,32,0
12221,33,0.72
12222,32,0
12223,33,0
12224,32,0
12225,33,0
12226,1,5.2
12227,32,0
12228,33,0
12229,32,0.65
12230,33,0
12231,1,1.9
12232,1,14.31
12233,33,0
12234,32,0
12235,33,0
12236,32,0.9
12237,1,1
12238,33,0.06
12239,1,18.81
12240,32,0
12241,33,0
12242,32,0
12243,33,0
12244,32,0
12245,33,0
12246,32,0.7
12247,33,0.21
12248,32,0
12249,33,0.48
12250,32,0
12251,1,4.03
12252,1,1348.78
12253,33,0.09
12254,1,38.2
12255,32,0
12256,33,0.8
12257,1,1.28
12258,32,0.08
12259,33,0
12260,32,0.08
12261,33,0
12262,32,0
12263,33,0.22
12264,32,0
12265,33,0
12266,32,0
12267,33,0
12268,32,0.24
12269,33,0.7
12270,32,0
12271,33,0.64
12272,32,0
12273,33,0
12274,32,0.16
12275,33,0
12276,1,1194.87
12277,32,0.17
12278,33,0
12279,32,0
12280,33,0
12281,32,0
12282,33,0.14
12283,33,0.09
12284,32,0
12285,33,0
12286,32,0.32
12287,1,103.03
12288,33,0.4
12289,32,0
12290,1,20.76
12291,33,0.08
12292,32,0
12293,1,2.39
12294,33,0
12295,32,0.22
12296,1,1356.38
12297,33,0
12298,32,0
12299,1,34.05
12300,33,0
12301,1,68.96
12302,32,0.1
12303,33,0
12304,32,0
12305,1,252.26
12306,33,0.59
12307,32,0.24
12308,33,0.44
12309,1,2.65
12310,32,0
12311,33,0.96
12312,32,0
12313,33,0
12314,32,0
12315,1,1.74
12316,33,0.48
12317,1,6.4
12318,32,0
12319,1,2.12
12320,33,0
12321,32,0.96
12322,33,0.12
12323,32,0
12324,1,166.55
12325,33,0.13
12326,32,0
12327,33,0.3
12328,32,0
12329,33,0.24
12330,32,0.16
12331,33,0
12332,32,0.21
12333,1,1.28
12334,33,0
12335,32,0.7
12336,1,2.08
12337,1,482.12
12338,33,0.48
12339,32,0
12340,33,0.7
12341,32,0
12342,33,0
12343,33,0.3
12344,32,0
12345,1,2.28
12346,33,0.06
12347,32,0
12348,33,0
12349,32,0.3
12350,33,0.64
12351,32,0
12352,33,0.82
12353,32,0.2
12354,33,0
12355,32,0
12356,33,0
12357,32,0
12358,33,0.19
12359,32,0
12360,33,0.74
12361,32,0.54
12362,33,0.08
12363,1,1.07
12364,32,0
12365,33,0
12366,32,0
12367,33,0
12368,32,0
12369,33,0.4
12370,32,0.35
12371,33,0.13
12372,32,0
12373,33,0
12374,32,0
12375,33,0
12376,32,0.1
12377,33,0
12378,32,0
12379,33,0.27
12380,32,0.06
12381,1,136.61
12382,33,0
12383,32,0
12384,33,0
12385,32,0.4
12386,33,0
12387,32,0
12388,33,0
12389,33,0
12390,1,7.45
12391,1,735.55
12392,32,0.21
12393,1,3.84
12394,1,1.4
12395,33,0
12396,32,0
12397,33,0.1
12398,32,0
12399,1,2.8
12400,33,0
12401,32,0.29
12402,33,0
12403,32,0
12404,1,178.21
12405,33,0.2
12406,1,1.26
12407,32,0.07
12408,1,549.8
12409,33,0
12410,32,0.12
12411,33,0
12412,1,1.92
12413,32,0.18
12414,33,0
12415,32,0.48
12416,1,0.98
12417,33,0.25
12418,1,22.06
12419,32,0
12420,33,0.42
12421,32,0
12422,33,0.08
12423,32,0.16
12424,33,0.77
12425,1,4.48
12426,1,21.41
12427,32,0.32
12428,33,0.09
12429,32,0
12430,33,0
12431,32,0.08
12432,33,0
12433,1,46.81
12434,32,0
12435,33,0.8
12436,32,0
12437,33,0
12438,32,0
12439,33,0.13
12440,1,69.57
12441,32,0
12442,33,0
12443,32,0.5
12444,33,0
12445,1,1.08
12446,32,0.18
12447,33,0.35
12448,33,0
12449,32,0
12450,33,0
12451,32,0
12452,33,0
12453,32,0
12454,33,0
12455,32,0.09
12456,33,0
12457,32,0.57
12458,33,0
12459,1,1.2
12460,32,0.66
12461,33,0
12462,1,6.4
12463,32,0.68
12464,33,0
12465,32,0
12466,33,0
12467,32,0
12468,1,81.67
12469,33,0.2
12470,1,1.12
12471,32,0
12472,33,0
12473,1,100.7
12474,1,1.15
12475,32,0
12476,33,0.84
12477,32,0.29
12478,33,0.22
12479,32,0.5
12480,33,0
12481,1,3.6
12482,32,0
12483,33,0
12484,32,0
12485,33,0
12486,1,2.75
12487,32,0
12488,33,0.13
12489,32,0.3
12490,33,0.09
12491,32,0.2
12492,1,3.96
12493,33,0.8
12494,32,0.2
12495,33,0.7
12496,32,0.8
12497,33,0
12498,1,36.22
12499,32,0
12500,1,1
12501,33,0.26
12502,32,0
12503,33,0
12504,33,0
12505,1,248.76
12506,32,0
12507,33,0
12508,32,0.24
12509,1,0.98
12510,1,2.46
12511,33,0.6
12512,32,0.3
12513,1,1.12
12514,1,2.24
12515,33,0.16
12516,32,0.72
12517,33,0
12518,32,0.29
12519,1,1.52
12520,33,0.1
12521,32,0
12522,33,0
12523,1,538.34
12524,32,0.28
12525,1,1.18
12526,33,0.5
12527,32,0
12528,33,0.6
12529,32,0
12530,33,0.29
12531,32,0.7
12532,1,130.23
12533,33,0
12534,1,1.28
12535,32,0
12536,1,1.62
12537,33,0
12538,32,0.16
12539,33,0
12540,32,0
12541,1,7.52
12542,1,0.98
12543,33,0
12544,32,0
12545,33,0.13
12546,32,0.45
12547,33,0
12548,32,0.25
12549,33,0
12550,32,0.1
12551,33,0
12552,32,0.44
12553,1,1
12554,1,58.42
12555,1,659.18
12556,33,0
12557,32,0
12558,33,0
12559,32,0
12560,33,0
12561,1,2.4
12562,1,84.05
12563,1,250
12564,32,0
12565,33,0.44
12566,33,0.8
12567,32,0.32
12568,33,0.64
12569,32,0.13
12570,33,0.52
12571,32,0.38
12572,33,0
12573,32,0
12574,33,0.84
12575,32,0.6
12576,33,0
12577,32,0
12578,33,0
12579,1,1.5
12580,32,0
12581,33,0
12582,32,0
12583,33,0
12584,32,0.83
12585,33,0.25
12586,32,0.64
12587,33,0.18
12588,32,0.24
12589,33,0
12590,1,1.42
12591,32,0
12592,33,0
12593,32,0.22
12594,33,0
12595,32,0
12596,33,0.8
12597,32,0.35
12598,1,1.68
12599,33,0
12600,32,0
12601,1,1.66
12602,33,0
12603,32,0.29
12604,33,0
12605,32,0
12606,33,0.2
12607,32,0.66
12608,33,0.13
12609,32,0
12610,1,61.99
12611,33,0
12612,32,0
12613,33,0
12614,32,0
12615,33,0
12616,33,0
12617,32,0.96
12618,33,0.39
12619,1,2.8
12620,32,0
12621,33,0
12622,32,0
12623,33,0
12624,32,0
12625,33,0
12626,32,0
12627,33,0
12628,32,0
12629,1,74.35
12630,33,0.64
12631,32,0
12632,33,0.64
12633,1,228.42
12634,32,0.58
12635,33,0.43
12636,32,0.16
12637,33,0
12638,1,11.4
12639,32,0.54
12640,33,0
12641,1,317.93
12642,32,0.84
12643,33,0
12644,1,148.6
12645,32,0.1
12646,1,1.6
12647,33,0
12648,32,0
12649,1,1.58
12650,1,409.88
12651,33,0
12652,32,0
12653,33,0
12654,32,0
12655,33,0
12656,32,0
12657,33,0
12658,32,0.26
12659,1,1.7
12660,1,12.39
12661,1,259.82
12662,1,3.02
12663,33,0
12664,32,0
12665,33,0.1
12666,32,0
12667,33,0
12668,1,131.36
12669,32,0.12
12670,33,0
12671,1,3
12672,32,0
12673,33,0.32
12674,33,0.4
12675,32,0.14
12676,33,0.4
12677,32,0
12678,33,0
12679,32,0
12680,33,0.25
12681,32,0.12
12682,33,0
12683,1,1
12684,32,0
12685,33,0
12686,1,6.08
12687,32,0.4
12688,1,74.79
12689,1,2.85
12690,33,0
12691,32,0
12692,33,0
12693,32,0
12694,33,0.4
12695,32,0.6
12696,33,0.16
12697,32,0
12698,33,0.07
12699,32,0.66
12700,33,0.24
12701,32,0
12702,33,0
12703,32,0.22
12704,33,0
12705,32,0
12706,33,0
12707,32,0.06
12708,33,0
12709,1,37.91
12710,32,0
12711,33,0.08
12712,32,0.13
12713,1,3.2
12714,1,4.28
12715,33,0
12716,1,4.04
12717,32,0
12718,33,0
12719,32,0
12720,33,0
12721,32,0
12722,33,0.19
12723,32,0.18
12724,33,0
12725,1,115.62
12726,33,0
12727,32,0
12728,33,0
12729,1,1.44
12730,1,3.2
12731,1,401.86
12732,32,0
12733,1,3.36
12734,33,0.2
12735,1,3.2
12736,32,0
12737,33,0.08
12738,32,0
12739,33,0.5
12740,1,8
12741,32,0.16
12742,33,0
12743,1,5.76
12744,32,0.19
12745,1,1.12
12746,33,0
12747,32,0
12748,1,492.82
12749,33,0.16
12750,32,0
12751,1,1.5
12752,33,0
12753,32,0.12
12754,33,0
12755,32,0
12756,33,0.09
12757,1,1.44
12758,32,0
12759,33,0.42
12760,32,0
12761,33,0.2
12762,32,0.12
12763,1,810.54
12764,33,0.35
12765,32,0
12766,33,0
12767,32,0.94
12768,33,0
12769,32,0
12770,33,0
12771,32,0.96
12772,1,9.92
12773,1,1.91
12774,33,0
12775,32,0.25
12776,33,0
12777,32,0
12778,1,1.02
12779,1,303.06
12780,1,43.75
12781,33,0
12782,32,0
12783,33,0
12784,32,0
12785,1,3.84
12786,33,0.5
12787,1,1.4
12788,1,6.72
12789,32,0.13
12790,33,0.35
12791,33,0
12792,32,0
12793,33,0
12794,32,0
12795,33,0
12796,32,0
12797,1,1.23
12798,1,182.31
12799,33,0
12800,32,0.16
12801,33,0
12802,32,0
12803,33,0
12804,1,117.65
12805,32,0.08
12806,33,0
12807,1,2.63
12808,32,0.06
12809,1,445.81
12810,1,194.95
12811,1,70.97
12812,33,0
12813,32,0.13
12814,33,0.08
12815,1,2.24
12816,32,0
12817,33,0.16
12818,32,0
12819,33,0.46
12820,1,1.88
12821,32,0.06
12822,33,0
12823,1,582.72
12824,32,0
12825,1,1.53
12826,1,27.91
12827,1,3.84
12828,33,0
12829,32,0
12830,33,0
12831,32,0
12832,33,0.06
12833,32,0.08
12834,33,0.27
12835,32,0
12836,33,0
12837,32,0.24
12838,1,1.7
12839,33,0
12840,32,0.6
12841,33,0.91
12842,32,0.48
12843,33,0
12844,32,0
12845,1,36.45
12846,33,0
12847,32,0
12848,33,0.36
12849,33,0
12850,32,0.48
12851,33,0.2
12852,32,0
12853,33,0
12854,32,0
12855,33,0
12856,32,0
12857,33,0
12858,32,0.3
12859,33,0
12860,32,0.5
12861,33,0
12862,32,0
12863,33,0.25
12864,32,0
12865,33,0
12866,32,0
12867,33,0
12868,1,1.1
12869,32,0.4
12870,33,0
12871,32,0
12872,1,2.4
12873,1,1
12874,33,0
12875,32,0.46
12876,33,0
12877,32,0
12878,1,294.8
12879,33,0.19
12880,32,0.07
12881,33,0.75
12882,32,0
12883,33,0
12884,32,0
12885,33,0.13
12886,1,2.96
12887,32,0
12888,1,1.13
12889,1,1
12890,1,2.29
12891,33,0
12892,32,0.07
12893,33,0
12894,32,0.64
12895,33,0.5
12896,32,0
12897,1,418.03
12898,33,0
12899,32,0.3
12900,33,0
12901,1,1.44
12902,1,6.08
12903,33,0.09
12904,32,0.25
12905,1,2.4
12906,33,0
12907,32,0.13
12908,33,0
12909,32,0
12910,33,0.28
12911,32,0
12912,33,0
12913,32,0
12914,33,0
12915,32,0.06
12916,33,0
12917,32,0
12918,33,0.08
12919,1,1.16
12920,32,0
12921,1,182.5
12922,33,0
12923,1,59.6
12924,32,0.1
12925,1,47.55
12926,33,0.4
12927,32,0
12928,33,0.12
12929,32,0
12930,33,0
12931,32,0.16
12932,33,0.61
12933,32,0
12934,33,0.81
12935,32,0
12936,33,0
12937,32,0.18
12938,33,0
12939,32,0
12940,33,0.12
12941,1,1.81
12942,32,0
12943,33,0.8
12944,32,0
12945,1,1
12946,33,0.12
12947,32,0.18
12948,33,0
12949,32,0
12950,33,0
12951,32,0
12952,33,0
12953,32,0
12954,33,0
12955,33,0
12956,32,0.72
12957,33,0.14
12958,32,0
12959,33,0.88
12960,32,0
12961,33,0.4
12962,32,0
12963,1,84.91
12964,33,0
12965,32,0.38
12966,33,0
12967,32,0
12968,33,0
12969,32,0.32
12970,33,0
12971,1,2.56
12972,32,0
12973,33,0.14
12974,32,0.96
12975,33,0
12976,32,0.32
12977,33,0.3
12978,1,10.24
12979,1,16.94
12980,1,91.47
12981,32,0
12982,33,0.43
12983,32,0
12984,33,0.24
12985,32,0.25
12986,1,638.55
12987,1,17.44
12988,33,0
12989,32,0
12990,33,0
12991,1,2.62
12992,32,0
12993,1,4.32
12994,33,0.84
12995,32,0
12996,33,0
12997,32,0.1
12998,33,0.16
12999,32,0.9
13000,33,0
13001,32,0
13002,33,0.5
13003,32,0
13004,1,235.08
13005,33,0
13006,32,0
13007,33,0.79
13008,33,0
13009,32,0.35
13010,33,0
13011,32,0
13012,33,0.3
13013,32,0.7
13014,33,0.52
13015,32,0
13016,33,0
13017,32,0.1
13018,33,0.44
13019,1,1.68
13020,32,0
13021,33,0
13022,1,101.25
13023,32,0
13024,1,710.88
13025,33,0
13026,32,0
13027,33,0.5
13028,32,0.21
13029,33,0.2
13030,32,0
13031,33,0
13032,32,0
13033,33,0
13034,32,0
13035,1,1.24
13036,33,0
13037,32,0
13038,33,0.06
13039,32,0.09
13040,33,0
13041,1,9
13042,32,0.22
13043,33,0
13044,32,0
13045,33,0
13046,1,347.09
13047,32,0
13048,33,0
13049,32,0
13050,33,0
13051,32,0.54
13052,1,24.28
13053,33,0
13054,1,52.79
13055,32,0
13056,1,94.32
13057,33,0.1
13058,32,0
13059,33,0
13060,32,0
13061,33,0
13062,33,0.5
13063,32,0
13064,1,1.05
13065,33,0.19
13066,32,0
13067,33,0
13068,32,0.13
13069,33,0
13070,32,0
13071,33,0
13072,32,0
13073,33,0.22
13074,32,0
13075,33,0
13076,32,0
13077,33,0
13078,32,0.42
13079,33,0
13080,32,0
13081,33,0
13082,32,0
13083,33,0
13084,32,0
13085,1,284.17
13086,33,0
13087,32,0.32
13088,33,0.07
13089,32,0
13090,1,231.32
13091,1,5.12
13092,33,0
13093,1,2.8
13094,32,0.32
13095,33,0.75
13096,32,0.59
13097,33,0.29
13098,1,42.38
13099,32,0
13100,33,0
13101,1,58.39
13102,32,0.19
13103,33,0
13104,32,0.24
13105,33,0
13106,32,0
13107,33,0
13108,1,10.17
13109,32,0
13110,33,0.22
13111,32,0
13112,1,451.4
13113,33,0
13114,1,2
13115,33,0.13
13116,32,0.36
13117,33,0.16
13118,32,0
13119,33,0
13120,32,0
13121,33,0
13122,32,0
13123,33,0.39
13124,32,0.64
13125,1,478.67
13126,33,0
13127,1,1
13128,32,0.13
13129,33,0
13130,32,0.67
13131,33,0.26
13132,1,1.85
13133,32,0
13134,33,0.56
13135,1,148.85
13136,32,0
13137,33,0
13138,32,0.65
13139,33,0
13140,32,0
13141,33,0.08
13142,32,0
13143,33,0
13144,32,0
13145,33,0
13146,1,1.2
13147,32,0.2
13148,33,0
13149,1,94.36
13150,1,21.81
13151,32,0
13152,33,0.06
13153,32,0.08
13154,33,0.1
13155,32,0
13156,33,0.12
13157,32,0
13158,33,0.8
13159,32,0
13160,1,1.42
13161,1,1.52
13162,33,0.77
13163,32,0
13164,33,0.18
13165,32,0
13166,33,0
13167,33,0
13168,32,0
13169,33,0
13170,32,0.77
13171,33,0.24
13172,32,0.08
13173,33,0
13174,32,0
13175,33,0
13176,32,0.12
13177,33,0
13178,32,0.8
13179,33,0
13180,32,0
13181,33,0.46
13182,32,0
13183,33,0
13184,32,0
13185,33,0
13186,1,1.28
13187,32,0
13188,1,1276.11
13189,33,0
13190,32,0.24
13191,33,0
13192,1,1.92
13193,1,300.92
13194,32,0.5
13195,33,0.16
13196,32,0
13197,33,0.1
13198,32,0
13199,1,4.16
13200,33,0
13201,32,0
13202,1,25.12
13203,33,0.06
13204,32,0
13205,33,0.17
13206,32,0
13207,33,0.16
13208,32,0
13209,33,0
13210,32,0.3
13211,33,0.71
13212,32,0.16
13213,33,0.19
13214,32,0
13215,33,0.19
13216,32,0
13217,33,0
13218,33,0.22
13219,1,90.86
13220,1,1163.41
13221,32,0
13222,33,0
13223,32,0.08
13224,33,0.22
13225,1,19.75
13226,32,0.4
13227,33,0.7
13228,32,0
13229,33,0
13230,32,0.13
13231,1,22.77
13232,33,0.08
13233,1,2
13234,32,0
13235,1,363.19
13236,33,0
13237,32,0
13238,33,0
13239,32,0
13240,33,0.78
13241,32,0.2
13242,33,0.72
13243,32,0
13244,33,0
13245,32,0.24
13246,33,0
13247,32,0.4
13248,33,0.38
13249,32,0.61
13250,1,2
13251,33,0
13252,32,0.18
13253,33,0.47
13254,32,0
13255,1,174.77
13256,33,0.16
13257,32,0.08
13258,33,0.34
13259,32,0.87
13260,33,0.64
13261,32,0
13262,33,0
13263,32,0.84
13264,33,0
13265,32,0
13266,33,0
13267,32,0
13268,33,0
13269,33,0.18
13270,32,0
13271,1,3.64
13272,33,0
13273,32,0
13274,1,80.61
13275,33,0
13276,32,0.61
13277,1,228.21
13278,33,0
13279,32,0.1
13280,33,0
13281,1,1.71
13282,32,0
13283,33,0.38
13284,32,0
13285,33,0
13286,32,0
13287,33,0.2
13288,32,0
13289,33,0
13290,32,0
13291,33,0.59
13292,32,0
13293,33,0
13294,32,0.7
13295,33,0.96
13296,32,0
13297,33,0.56
13298,32,0
13299,1,2
13300,33,0.6
13301,32,0.38
13302,33,0
13303,1,494.24
13304,32,0
13305,33,0
13306,32,0.24
13307,33,0.48
13308,1,189.81
13309,32,0
13310,33,0
13311,32,0.2
13312,33,0
13313,1,1.26
13314,32,0.1
13315,1,2.6
13316,33,0.59
13317,32,0
13318,33,0
13319,1,2.26
13320,1,5.28
13321,32,0.8
13322,1,781.98
13323,33,0.19
13324,33,0
13325,32,0.06
13326,33,0
13327,32,0
13328,33,0
13329,32,0
13330,33,0
13331,32,0.5
13332,1,237.23
13333,33,0
13334,1,1.2
13335,32,0.08
13336,33,0.26
13337,32,0
13338,33,0
13339,32,0
13340,33,0
13341,32,0
13342,1,106.72
13343,33,0
13344,32,0.8
13345,33,0.72
13346,32,0.1
13347,33,0.8
13348,32,0
13349,1,782.88
13350,33,0
13351,32,0.4
13352,33,0
13353,32,0.18
13354,1,1.92
13355,33,0
13356,32,0.16
13357,1,2.8
13358,33,0
13359,1,5.6
13360,1,6.86
13361,32,0.8
13362,1,1.2
13363,33,0.4
13364,32,0
13365,33,0
13366,32,0.8
13367,33,0.8
13368,32,0
13369,1,26.46
13370,33,0.9
13371,32,0.7
13372,1,2.1
13373,33,0.2
13374,32,0
13375,33,0
13376,32,0
13377,33,0
13378,1,2.5
13379,32,0.08
13380,33,0
13381,33,0.1
13382,32,0
13383,33,0
13384,32,0
13385,1,2.56
13386,33,0.53
13387,32,0
13388,1,1212.69
13389,33,0
13390,1,99.93
13391,32,0.88
13392,1,2.4
13393,33,0
13394,32,0.2
13395,33,0
13396,1,1.2
13397,1,57.72
13398,1,649.81
13399,32,0
13400,33,0
13401,32,0.08
13402,33,0.18
13403,1,19.01
13404,32,0
13405,33,0
13406,32,0
13407,1,5.12
13408,1,2.8
13409,1,1.57
13410,33,0
13411,32,0
13412,33,0
13413,32,0.16
13414,33,0
13415,1,1.62
13416,32,0
13417,33,0.8
13418,32,0.3
13419,1,1.09
13420,33,0
13421,32,0
13422,33,0.29
13423,32,0
13424,33,0
13425,32,0.08
13426,33,0.72
13427,32,0
13428,33,0
13429,32,0
13430,33,0.52
13431,32,0.64
13432,33,0.08
13433,32,0
13434,33,0
13435,32,0
13436,33,0
13437,1,3.68
13438,33,0
13439,32,0.38
13440,1,26.75
13441,33,0
13442,32,0.72
13443,33,0
13444,32,0
13445,1,1.28
13446,33,0.19
13447,32,0
13448,33,0.09
13449,1,158.74
13450,1,1.4
13451,1,257.34
13452,32,0.24
13453,33,0.26
13454,32,0
13455,33,0.91
13456,1,582.15
13457,32,0.4
13458,1,281.88
13459,33,0.06
13460,1,1.2
13461,32,0.56
13462,33,0
13463,32,0.06
13464,33,0.06
13465,32,0
13466,33,0
13467,1,1.28
13468,32,0
13469,33,0
13470,1,3.36
13471,32,0
13472,1,5.36
13473,33,0
13474,1,1.6
13475,32,0
13476,33,0.16
13477,32,0
13478,33,0.09
13479,32,0
13480,33,0
13481,32,0
13482,33,0
13483,32,0
13484,33,0.19
13485,32,0.1
13486,33,0
13487,32,0.16
13488,33,0
13489,32,0.88
13490,33,0
13491,32,0
13492,1,2.4
13493,33,0.12
13494,33,0.19
13495,32,0.82
13496,33,0.12
13497,32,0
13498,33,0
13499,1,1.28
13500,32,0
13501,33,0
13502,32,0
13503,33,0.14
13504,32,0.12
13505,33,0.9
13506,32,0
13507,33,0
13508,1,1.22
13509,32,0.14
13510,1,25.6
13511,33,0.22
13512,32,0
13513,33,0
13514,32,0.3
13515,33,0
13516,32,0.11
13517,33,0.3
13518,32,0
13519,33,0
13520,32,0
13521,33,0.12
13522,32,0.2
13523,33,0.35
13524,32,0.25
13525,1,1.98
13526,33,0
13527,32,0.14
13528,33,0.3
13529,32,0.2
13530,33,0
13531,32,0
13532,33,0.18
13533,32,0
13534,33,0
13535,32,0
13536,33,0
13537,32,0.08
13538,33,0.07
13539,32,0
13540,33,0.06
13541,32,0.54
13542,33,0
13543,33,0
13544,32,0
13545,33,0
13546,32,0
13547,33,0
13548,32,0.6
13549,33,0
13550,1,101.16
13551,32,0
13552,33,0.18
13553,32,0
13554,33,0
13555,32,0
13556,1,1.78
13557,33,0
13558,32,0.18
13559,33,0.18
13560,1,250.27
13561,32,0
13562,1,1.6
13563,33,0
13564,1,12
13565,32,0
13566,33,0
13567,32,0.07
13568,33,0
13569,32,0
13570,33,0.08
13571,32,0
13572,33,0
13573,1,98.36
13574,32,0
13575,33,0
13576,32,0.14
13577,33,0
13578,32,0
13579,33,0.62
13580,32,0
13581,1,1.44
13582,33,0.58
13583,32,0
13584,33,0
13585,1,42.15
13586,1,1.92
13587,32,0
13588,33,0.06
13589,32,0.5
13590,33,0.07
13591,1,1.7
13592,1,1.4
13593,32,0
13594,33,0.13
13595,1,1.12
13596,32,0
13597,33,0
13598,33,0
13599,32,0.07
13600,33,0.08
13601,32,0
13602,33,0
13603,1,1.7
13604,32,0
13605,33,0
13606,32,0.1
13607,33,0.32
13608,32,0.13
13609,33,0
13610,32,0
13611,1,4.51
13612,1,7
13613,33,0.56
13614,32,0
13615,33,0
13616,32,0
13617,33,0
13618,32,0.19
13619,1,1.3
13620,33,0
13621,1,1.57
13622,32,0
13623,1,324.67
13624,33,0
13625,32,0.8
13626,33,0.4
13627,32,0
13628,33,0.58
13629,32,0
13630,33,0.09
13631,32,0.09
13632,1,1.8
13633,1,1.02
13634,33,0.58
13635,32,0.25
13636,33,0.26
13637,32,0
13638,1,3.42
13639,33,0.84
13640,32,0
13641,33,0.64
13642,32,0
13643,33,0.19
13644,32,0.2
13645,33,0
13646,1,6.72
13647,32,0.84
13648,1,1.45
13649,33,0
13650,32,0.12
13651,1,366.08
13652,33,0
13653,32,0
13654,1,704.19
13655,33,0
13656,1,37.41
13657,33,0
13658,1,138.5
13659,32,0
13660,1,198.99
13661,33,0
13662,32,0
13663,33,0
13664,32,0.3
13665,1,9.2
13666,33,0.8
13667,32,0.08
13668,33,0
13669,32,0
13670,33,0
13671,32,0.39
13672,33,0.1
13673,32,0.56
13674,33,0.53
13675,32,0
13676,33,0.8
13677,32,0.14
13678,1,22.38
13679,33,0
13680,1,183.6
13681,1,4.16
13682,32,0
13683,33,0
13684,32,0
13685,1,1.6
13686,33,0
13687,1,1.84
13688,1,391.6
13689,1,1.6
13690,32,0.6
13691,33,0.96
13692,32,0.13
13693,33,0
13694,32,0
13695,33,0
13696,32,0
13697,1,2.4
13698,1,99.01
13699,33,0
13700,32,0
13701,33,0.38
13702,1,98.45
13703,32,0
13704,33,0
13705,32,0.2
13706,1,1.68
13707,33,0.16
13708,32,0
13709,33,0.14
13710,32,0
13711,1,609.18
13712,1,2.66
13713,33,0.32
13714,1,2.16
13715,32,0.16
13716,1,1.02
13717,33,0
13718,33,0
13719,1,4.64
13720,32,0.16
13721,1,107.79
13722,33,0
13723,32,0
13724,33,0.56
13725,1,2.88
13726,32,0.26
13727,33,0
13728,32,0.26
13729,1,3.53
13730,33,0.2
13731,32,0.29
13732,1,1.2
13733,33,0.38
13734,32,0
13735,1,410.39
13736,1,1.12
13737,33,0
13738,32,0
13739,1,1.1
13740,33,0
13741,32,0
13742,33,0.06
13743,32,0
13744,33,0
13745,32,0.54
13746,33,0
13747,32,0.13
13748,33,0.64
13749,32,0
13750,33,0
13751,32,0
13752,33,0.8
13753,32,0.48
13754,33,0.1
13755,32,0.4
13756,33,0
13757,32,0
13758,33,0
13759,32,0.8
13760,33,0
13761,32,0.22
13762,33,0.16
13763,1,94.95
13764,32,0
13765,1,76.17
13766,1,10.89
13767,1,39.5
13768,33,0
13769,32,0
13770,33,0
13771,32,0
13772,33,0.6
13773,33,0
13774,1,1
13775,32,0
13776,33,0
13777,32,0
13778,33,0.32
13779,32,0
13780,33,0
13781,1,1.29
13782,32,0
13783,33,0
13784,32,0.24
13785,33,0
13786,32,0
13787,33,0
13788,32,0
13789,33,0
13790,32,0
13791,33,0
13792,1,3.28
13793,32,0
13794,33,0.9
13795,32,0.25
13796,33,0.6
13797,1,1.12
13798,1,6.64
13799,1,4.16
13800,32,0.25
13801,33,0
13802,32,0
13803,33,0.24
13804,32,0.66
13805,33,0
13806,32,0.22
13807,1,1
13808,1,53.21
13809,1,731.95
13810,1,3.41
13811,33,0
13812,32,0.48
13813,33,0
13814,32,0.8
13815,33,0
13816,32,0.36
13817,33,0
13818,32,0
13819,33,0
13820,32,0
13821,33,0
13822,32,0.3
13823,33,0
13824,1,1.28
13825,1,4.32
13826,32,0.19
13827,33,0
13828,32,0
13829,33,0.48
13830,1,2.3
13831,33,0
13832,1,1
13833,32,0
13834,1,326.42
13835,1,44.5
13836,1,3.44
13837,33,0
13838,32,0.32
13839,33,0.22
13840,32,0
13841,1,1.36
13842,33,0.09
13843,1,1.28
13844,32,0
13845,33,0
13846,32,0
13847,1,1.4
13848,33,0
13849,32,0.4
13850,33,0
13851,1,87.96
13852,32,0
13853,1,2.04
13854,33,0.22
13855,1,1.28
13856,1,146.72
13857,32,0
13858,33,0
13859,32,0
13860,33,0
13861,32,0
13862,33,0.12
13863,1,1.05
13864,32,0
13865,33,0.96
13866,32,0
13867,33,0
13868,32,0.16
13869,33,0.16
13870,32,0
13871,33,0
13872,32,0
13873,33,0
13874,32,0.64
13875,33,0.32
13876,32,0.3
13877,1,1.06
13878,1,1.1
13879,1,2.69
13880,33,0.1
13881,32,0.24
13882,33,0
13883,1,27.86
13884,32,0
13885,33,0
13886,32,0.84
13887,33,0.24
13888,32,0
13889,33,0
13890,33,0.09
13891,32,0.18
13892,33,0.08
13893,32,0.54
13894,1,6.24
13895,33,0
13896,32,0
13897,33,0
13898,1,87.91
13899,32,0
13900,33,0
13901,1,2215.5
13902,32,0.18
13903,1,2.64
13904,33,0
13905,32,0.4
13906,33,0.64
13907,1,3.2
13908,32,0.19
13909,1,1.25
13910,1,1
13911,33,0
13912,32,0
13913,33,0
13914,32,0.25
13915,33,0.13
13916,1,33.3
13917,32,0.87
13918,1,3.12
13919,33,0
13920,32,0
13921,33,0.1
13922,1,2.24
13923,32,0
13924,33,0.26
13925,32,0
13926,1,1.2
13927,33,0
13928,32,0
13929,33,0.2
13930,32,0
13931,1,1142.3
13932,1,5.25
13933,1,1.24
13934,33,0
13935,32,0
13936,33,0.5
13937,32,0
13938,1,316.68
13939,33,0
13940,32,0
13941,33,0.5
13942,32,0.24
13943,33,0
13944,32,0.46
13945,33,0.1
13946,1,42.54
13947,32,0
13948,33,0
13949,33,0
13950,1,1.26
13951,32,0.4
13952,33,0.6
13953,32,0
13954,33,0.26
13955,32,0.21
13956,33,0
13957,32,0
13958,33,0
13959,32,0.13
13960,33,0
13961,32,0.5
13962,33,0
13963,32,0
13964,33,0
13965,1,1.6
13966,32,0
13967,1,310.23
13968,33,0
13969,32,0.88
13970,33,0
13971,32,0
13972,33,0.7
13973,1,531.4
13974,32,0
13975,33,0
13976,1,5.6
13977,1,580.81
13978,32,0
13979,33,0.12
13980,32,0.8
13981,33,0
13982,32,0
13983,33,0.07
13984,1,2.5
13985,1,2.92
13986,32,0
13987,33,0.59
13988,32,0
13989,33,0.71
13990,1,1.2
13991,32,0
13992,33,0.4
13993,32,0
13994,33,0
13995,32,0.06
13996,33,0.08
13997,1,0.98
13998,32,0
13999,33,0
14000,32,0
14001,33,0
14002,1,4.48
14003,32,0.5
14004,33,0
14005,33,0.45
14006,32,0.21
14007,1,20.7
14008,33,0.29
14009,32,0
14010,33,0
14011,32,0
14012,33,0.2
14013,32,0.22
14014,1,1.2
14015,33,0
14016,32,0.14
14017,33,0
14018,32,0
14019,33,0
14020,32,0
14021,33,0
14022,32,0
14023,1,4.2
14024,1,1.28
14025,33,0
14026,1,2.4
14027,1,3.15
14028,32,0
14029,33,0.36
14030,32,0
14031,33,0.5
14032,32,0
14033,33,0.9
14034,32,0
14035,1,1.24
14036,1,635.97
14037,1,33.77
14038,33,0.59
14039,32,0
14040,33,0.21
14041,32,0
14042,33,0
14043,1,1.68
14044,32,0.19
14045,1,1.54
14046,33,0
14047,1,6.36
14048,32,0
14049,33,0
14050,32,0.16
14051,1,135.72
14052,33,0.25
14053,32,0
14054,1,2.16
14055,33,0
14056,1,198.33
14057,32,0
14058,33,0.62
14059,32,0
14060,33,0
14061,32,0.56
14062,33,0
14063,33,0
14064,32,0.1
14065,33,0.08
14066,32,0
14067,33,0
14068,32,0
14069,33,0
14070,32,0.18
14071,33,0
14072,1,2.24
14073,32,0
14074,33,0
14075,32,0.48
14076,1,1.12
14077,33,0
14078,32,0.13
14079,1,3.36
14080,33,0.13
14081,1,1.22
14082,32,0.18
14083,1,1.12
14084,33,0.2
14085,32,0.24
14086,1,410.93
14087,1,1.2
14088,33,0
14089,32,0
14090,33,0.12
14091,32,0.06
14092,1,261.18
14093,33,0.58
14094,1,19.2
14095,32,0.08
14096,1,384.43
14097,1,2
14098,33,0
14099,32,0.28
14100,33,0
14101,1,3.62
14102,1,1.44
14103,32,0
14104,33,0
14105,32,0
14106,33,0
14107,32,0.2
14108,33,0
14109,1,1.2
14110,32,0
14111,1,15
14112,1,1.68
14113,1,1.92
14114,33,0
14115,32,0.41
14116,33,0
14117,32,0.4
14118,33,0
14119,32,0
14120,33,0
14121,32,0.96
14122,33,0.72
14123,1,5.16
14124,32,0
14125,33,0
14126,33,0.12
14127,32,0.3
14128,1,2.1
14129,33,0
14130,32,0
14131,1,155.61
14132,33,0
14133,32,0
14134,33,0
14135,32,0
14136,1,1.68
14137,1,37.11
14138,33,0
14139,32,0
14140,33,0.13
14141,1,112.88
14142,32,0
14143,1,190.46
14144,33,0
14145,32,0
14146,1,75.62
14147,33,0
14148,1,78.04
14149,1,5.64
14150,32,0
14151,33,0.4
14152,32,0
14153,33,0
14154,1,5.68
14155,32,0.16
14156,1,1.92
14157,33,0
14158,32,0.8
14159,33,0.67
14160,1,1.6
14161,32,0
14162,33,0
14163,32,0.06
14164,33,0.96
14165,32,0
14166,33,0.39
14167,1,2.22
14168,32,0
14169,33,0
14170,32,0.6
14171,33,0.06
14172,1,67.62
14173,32,0.8
14174,33,0.26
14175,1,1.12
14176,1,1.56
14177,32,0.16
14178,1,1.2
14179,33,0.47
14180,32,0.76
14181,33,0
14182,1,688.4
14183,32,0
14184,33,0
14185,32,0.24
14186,33,0
14187,33,0.6
14188,32,0.8
14189,33,0.64
14190,32,0.46
14191,33,0.96
14192,32,0
14193,1,1.28
14194,33,0
14195,32,0.36
14196,33,0.3
14197,32,0.61
14198,33,0
14199,32,0
14200,33,0
14201,32,0
14202,1,123.34
14203,33,0
14204,32,0
14205,33,0.5
14206,32,0.24
14207,33,0
14208,32,0.36
14209,33,0.08
14210,32,0
14211,33,0.07
14212,32,0
14213,33,0
14214,1,0.99
14215,32,0.11
14216,1,3.96
14217,33,0
14218,32,0
14219,33,0.43
14220,1,5.12
14221,32,0.4
14222,1,27.85
14223,33,0.56
14224,32,0
14225,33,0.2
14226,32,0.8
14227,33,0
14228,32,0.8
14229,33,0
14230,32,0
14231,33,0
14232,32,0
14233,33,0
14234,32,0.4
14235,33,0
14236,1,9.92
14237,33,0.14
14238,32,0
14239,33,0
14240,32,0
14241,1,1
14242,33,0
14243,32,0.08
14244,1,248.63
14245,33,0.3
14246,32,0.36
14247,1,1.73
14248,33,0
14249,32,0
14250,33,0
14251,32,0.35
14252,33,0.19
14253,32,0
14254,33,0
14255,1,31.67
14256,32,0
14257,33,0.3
14258,32,0.18
14259,33,0
14260,1,680.83
14261,32,0.14
14262,1,74.44
14263,33,0
14264,1,618.37
14265,32,0.13
14266,33,0
14267,1,2.7
14268,32,0
14269,33,0.39
14270,1,1.68
14271,32,0
14272,33,0
14273,32,0.91
14274,1,2.8
14275,33,0
14276,32,0.13
14277,33,0
14278,1,2.96
14279,32,0.21
14280,33,0
14281,32,0
14282,33,0.48
14283,32,0
14284,33,0.26
14285,32,0
14286,33,0
14287,32,0
14288,33,0.54
14289,32,0
14290,33,0.07
14291,32,0.14
14292,33,0.53
14293,33,0.08
14294,32,0
14295,33,0
14296,32,0
14297,1,17.65
14298,33,0
14299,32,0
14300,33,0
14301,32,0.5
14302,1,11.86
14303,1,1.23
14304,33,0.28
14305,32,0.07
14306,33,0.32
14307,32,0
14308,33,0
14309,32,0.59
14310,33,0.76
14311,32,0.66
14312,33,0.16
14313,32,0.4
14314,33,0
14315,32,0.55
14316,33,0
14317,32,0.46
14318,33,0.07
14319,32,0.72
14320,33,0.8
14321,32,0
14322,33,0.19
14323,32,0
14324,33,0
14325,32,0.08
14326,33,0.14
14327,32,0
14328,33,0.72
14329,32,0.06
14330,33,0.48
14331,32,0.55
14332,33,0
14333,32,0
14334,1,212.47
14335,33,0.8
14336,32,0
14337,1,1.42
14338,33,0
14339,32,0.16
14340,33,0
14341,33,0
14342,32,0.08
14343,33,0
14344,32,0
14345,33,0
14346,32,0
14347,33,0
14348,32,0.5
14349,33,0.24
14350,32,0.25
14351,1,1.31
14352,1,251.15
14353,33,0.4
14354,32,0
14355,33,0.2
14356,1,1.2
14357,32,0
14358,33,0
14359,32,0.18
14360,33,0
14361,32,0.58
14362,33,0.7
14363,32,0.7
14364,33,0
14365,32,0.18
14366,33,0.6
14367,32,0
14368,33,0
14369,32,0
14370,33,0.16
14371,1,2
14372,32,0.09
14373,33,0
14374,32,0
14375,33,0
14376,32,0.48
14377,1,3.4
14378,33,0
14379,1,2.82
14380,32,0
14381,1,1.26
14382,33,0
14383,32,0
14384,33,0.3
14385,32,0.5
14386,33,0
14387,32,0
14388,33,0
14389,32,0
14390,1,1037.88
14391,33,0
14392,33,0.16
14393,1,1.2
14394,1,2.24
14395,32,0.12
14396,33,0.61
14397,32,0
14398,1,3.12
14399,33,0
14400,32,0
14401,33,0
14402,1,1.28
14403,1,491.24
14404,32,0
14405,33,0.84
14406,32,0.82
14407,33,0
14408,1,285.88
14409,32,0
14410,33,0
14411,32,0.26
14412,1,1.5
14413,33,0.1
14414,1,2.12
14415,1,3.9
14416,32,0.24
14417,33,0
14418,1,2.27
14419,32,0
14420,33,0
14421,32,0
14422,33,0.72
14423,32,0.08
14424,33,0.72
14425,1,124.09
14426,32,0
14427,33,0
14428,32,0.06
14429,1,1.6
14430,33,0
14431,32,0
14432,33,0
14433,32,0
14434,33,0.16
14435,1,1.12
14436,32,0
14437,33,0.14
14438,32,0
14439,33,0
14440,32,0
14441,33,0
14442,1,221.33
14443,32,0
14444,1,1.09
14445,33,0
14446,1,113.09
14447,32,0.16
14448,33,0
14449,32,0.56
14450,33,0
14451,32,0
14452,33,0
14453,1,1
14454,33,0
14455,32,0.33
14456,33,0
14457,32,0
14458,33,0.7
14459,32,0.7
14460,1,1.68
14461,33,0
14462,32,0
14463,33,0
14464,32,0.46
14465,33,0.49
14466,32,0
14467,1,139.1
14468,33,0
14469,32,0
14470,33,0
14471,32,0
14472,33,0
14473,32,0
14474,1,1.12
14475,33,0.32
14476,32,0
14477,33,0
14478,1,10.16
14479,32,0
14480,33,0.96
14481,32,0
14482,33,0
14483,32,0
14484,33,0
14485,32,0
14486,33,0
14487,32,0
14488,33,0.75
14489,32,0
14490,33,0.24
14491,32,0
14492,1,2.02
14493,33,0
14494,32,0.22
14495,33,0.79
14496,32,0
14497,33,0
14498,32,0
14499,33,0
14500,1,2.16
14501,32,0.08
14502,33,0
14503,33,0
14504,32,0
14505,33,0.19
14506,32,0
14507,33,0.1
14508,32,0
14509,33,0
14510,32,0
14511,33,0
14512,32,0.11
14513,33,0
14514,32,0
14515,33,0
14516,1,29.07
14517,32,0
14518,33,0.18
14519,32,0
14520,33,0
14521,32,0
14522,33,0.42
14523,32,0.4
14524,33,0
14525,32,0.3
14526,33,0
14527,32,0.21
14528,33,0
14529,32,0
14530,1,39.58
14531,33,0
14532,32,0
14533,33,0.6
14534,32,0.22
14535,33,0
14536,32,0
14537,33,0
14538,32,0
14539,1,153.55
14540,33,0
14541,32,0
14542,33,0
14543,32,0
14544,33,0.07
14545,32,0
14546,33,0
14547,32,0.07
14548,1,5.28
14549,33,0
14550,32,0.16
14551,33,0.22
14552,33,0
14553,1,226.27
14554,1,96.27
14555,32,0.38
14556,33,0
14557,32,0.08
14558,1,99.89
14559,33,0
14560,32,0
14561,33,0.19
14562,1,25.57
14563,32,0
14564,1,82.91
14565,33,0
14566,32,0.44
14567,33,0
14568,1,12.42
14569,32,0
14570,33,0.18
14571,1,8.06
14572,1,2.27
14573,32,0
14574,33,0.35
14575,32,0.43
14576,33,0
14577,1,1.8
14578,32,0.5
14579,33,0
14580,32,0
14581,33,0
14582,1,4.11
14583,32,0
14584,33,0.24
14585,32,0
14586,33,0.16
14587,1,1
14588,1,340.64
14589,32,0
14590,33,0
14591,32,0.13
14592,1,1.34
14593,33,0.14
14594,1,1.15
14595,32,0
14596,33,0.4
14597,32,0
14598,1,253.47
14599,33,0
14600,1,275.46
14601,32,0.4
14602,1,75.7
14603,1,2.24
14604,33,0
14605,1,2.56
14606,32,0
14607,1,1.2
14608,33,0.18
14609,1,9.24
14610,32,0
14611,33,0
14612,32,0
14613,33,0.8
14614,32,0
14615,33,0.58
14616,33,0
14617,32,0
14618,33,0.36
14619,32,0.78
14620,33,0.06
14621,1,6.4
14622,32,0.46
14623,33,0
14624,32,0
14625,33,0
14626,32,0.22
14627,33,0.42
14628,32,0.48
14629,33,0
14630,1,6.95
14631,1,3.24
14632,1,1.23
14633,32,0
14634,1,2.4
14635,33,0.08
14636,32,0
14637,33,0.13
14638,32,0
14639,33,0
14640,1,1.06
14641,32,0
14642,1,6.5
14643,1,1.09
14644,33,0.5
14645,32,0.14
14646,33,0
14647,32,0.32
14648,33,0.06
14649,32,0
14650,1,8.29
14651,33,0
14652,1,1.5
14653,32,0
14654,33,0.16
14655,32,0.27
14656,33,0
14657,1,163.88
14658,32,0
14659,33,0
14660,32,0.22
14661,33,0.2
14662,1,77.43
14663,32,0.36
14664,33,0
14665,32,0
14666,33,0
14667,32,0
14668,33,0
14669,32,0.32
14670,33,0.1
14671,33,0.1
14672,32,0
14673,33,0.22
14674,1,354.62
14675,32,0
14676,1,1.5
14677,33,0
14678,32,0.24
14679,33,0
14680,32,0
14681,33,0.15
14682,32,0
14683,1,1.28
14684,33,0.35
14685,32,0
14686,33,0
14687,32,0.28
14688,33,0.9
14689,32,0
14690,33,0
14691,1,211.36
14692,32,0.6
14693,33,0.8
14694,32,0
14695,33,0.64
14696,32,0
14697,33,0.22
14698,32,0.06
14699,33,0.48
14700,32,0.18
14701,33,0.2
14702,32,0.7
14703,33,0
14704,32,0.2
14705,33,0.16
14706,32,0
14707,33,0
14708,32,0
14709,33,0
14710,1,2.56
14711,1,197.89
14712,32,0
14713,1,1.2
14714,33,0
14715,32,0
14716,33,0.3
14717,32,0
14718,33,0
14719,32,0
14720,33,0.72
14721,32,0
14722,33,0.3
14723,1,4.76
14724,1,3.08
14725,33,0
14726,32,0.8
14727,1,1.93
14728,33,0.09
14729,32,0
14730,33,0.3
14731,1,2.24
14732,32,0.53
14733,33,0
14734,32,0.19
14735,33,0
14736,32,0
14737,1,1.04
14738,33,0
14739,1,93.22
14740,32,0
14741,33,0
14742,32,0
14743,33,0.14
14744,1,1.44
14745,32,0
14746,33,0
14747,1,3.76
14748,32,0
14749,33,0
14750,32,0.36
14751,33,0
14752,1,0.99
14753,32,0.08
14754,33,0.8
14755,32,0.5
14756,33,0
14757,32,0.08
14758,33,0.4
14759,1,1
14760,32,0
14761,33,0.1
14762,32,0
14763,1,54.77
14764,33,0
14765,32,0
14766,33,0
14767,32,0
14768,33,0.35
14769,32,0
14770,1,1
14771,33,0
14772,32,0
14773,1,1616.68
14774,33,0.06
14775,32,0
14776,33,0.1
14777,32,0.3
14778,1,51.05
14779,33,0
14780,33,0.43
14781,32,0.74
14782,33,0.08
14783,32,0.36
14784,33,0
14785,32,0
14786,1,8.62
14787,33,0
14788,32,0
14789,33,0
14790,32,0
14791,33,0.8
14792,32,0
14793,1,2.51
14794,33,0.5
14795,32,0
14796,33,0.24
14797,32,0
14798,33,0
14799,1,4.08
14800,32,0
14801,1,2.64
14802,33,0.19
14803,32,0
14804,33,0
14805,32,0
14806,1,4.84
14807,33,0.54
14808,32,0
14809,1,4.4
14810,1,1
14811,1,76.19
14812,1,3.25
14813,33,0.78
14814,32,0.32
14815,33,0
14816,32,0
14817,1,33.75
14818,33,0.4
14819,32,0.08
14820,33,0.84
14821,32,0.16
14822,33,0
14823,32,0.14
14824,1,84.53
14825,33,0
14826,32,0
14827,33,0
14828,32,0
14829,33,0
14830,1,50.67
14831,32,0.14
14832,33,0
14833,1,37.53
14834,32,0
14835,33,0
14836,33,0
14837,1,20.13
14838,32,0
14839,33,0
14840,32,0.47
14841,33,0.25
14842,32,0.62
14843,33,0
14844,32,0.2
14845,33,0
14846,1,3.74
14847,32,0
14848,33,0
14849,32,0.35
14850,33,0
14851,32,0.75
14852,33,0.19
14853,1,3.36
14854,1,76.31
14855,32,0.4
14856,33,0.1
14857,32,0.84
14858,33,0
14859,32,0
14860,33,0.8
14861,32,0
14862,1,1
14863,33,0
14864,1,1.12
14865,32,0
14866,33,0.18
14867,32,0.86
14868,1,1.6
14869,33,0
14870,32,0
14871,1,6.4
14872,33,0
14873,32,0
14874,33,0.45
14875,32,0.13
14876,33,0
14877,32,0
14878,33,0
14879,32,0.64
14880,33,0
14881,32,0.46
14882,33,0.35
14883,1,2
14884,32,0.06
14885,33,0.46
14886,32,0
14887,33,0
14888,1,3.6
14889,32,0
14890,33,0
14891,33,0
14892,32,0
14893,33,0
14894,32,0.4
14895,33,0
14896,32,0.29
14897,33,0
14898,1,113.9
14899,32,0.29
14900,33,0
14901,32,0
14902,33,0
14903,32,0
14904,33,0.18
14905,1,1
14906,32,0
14907,33,0
14908,32,0.22
14909,33,0
14910,1,1.32
14911,32,0
14912,33,0.12
14913,1,1.68
14914,32,0
14915,33,0
14916,32,0.29
14917,33,0.24
14918,32,0.8
14919,1,1.8
14920,33,0
14921,32,0.16
14922,33,0.8
14923,32,0.36
14924,33,0
14925,32,0
14926,33,0.13
14927,32,0.69
14928,33,0.6
14929,32,0.16
14930,33,0.8
14931,32,0
14932,33,0.08
14933,1,30.57
14934,32,0
14935,33,0
14936,1,228.58
14937,32,0.08
14938,1,1.2
14939,33,0
14940,32,0.14
14941,33,0
14942,33,0
14943,32,0
14944,33,0
14945,32,0
14946,33,0
14947,32,0
14948,33,0.69
14949,32,0
14950,33,0.3
14951,32,0.06
14952,33,0.25
14953,32,0.29
14954,33,0
14955,32,0.22
14956,33,0.2
14957,32,0.81
14958,33,0
14959,32,0
14960,33,0
14961,32,0
14962,33,0.96
14963,1,2.24
14964,1,197.06
14965,32,0
14966,1,6
14967,33,0
14968,32,0
14969,1,2.15
14970,33,0
14971,1,3.2
14972,32,0
14973,33,0.24
14974,32,0.38
14975,1,130.34
14976,33,0
14977,1,4.8
14978,32,0.08
14979,33,0
14980,32,0
14981,33,0
14982,1,108.84
14983,32,0.35
14984,33,0
14985,32,0
14986,33,0.72
14987,32,0.56
14988,33,0
14989,1,2.96
14990,32,0
14991,33,0
14992,32,0
14993,1,1.22
14994,33,0
14995,33,0
14996,32,0
14997,33,0.2
14998,32,0.64
14999,33,0
15000,32,0
15001,1,101.41
15002,1,1.28
15003,33,0
15004,32,0.4
15005,1,2
15006,33,0.35
15007,1,1.44
15008,1,3
15009,32,0.84
15010,33,0
15011,32,0
15012,33,0
15013,32,0
15014,33,0.27
15015,32,0.1
15016,1,3.5
15017,33,0
15018,32,0
15019,33,0
15020,32,0.08
15021,33,0.24
15022,1,92.66
15023,32,0
15024,33,0.54
15025,32,0.88
15026,33,0.56
15027,32,0.66
15028,1,4.8
15029,33,0.1
15030,32,0.35
15031,33,0
15032,32,0.24
15033,1,1.6
15034,33,0
15035,32,0
15036,1,3.2
15037,1,1
15038,1,1.4
15039,33,0
15040,32,0.08
15041,1,194.58
15042,33,0
15043,1,1.2
15044,32,0
15045,1,1
15046,33,0
15047,1,1.87
15048,32,0.7
15049,33,0
15050,1,263.4
15051,32,0.73
15052,33,0
15053,32,0
15054,33,0
15055,1,1.65
15056,1,62.5
15057,32,0
15058,33,0
15059,33,0
15060,1,126.36
15061,32,0
15062,33,0
15063,1,497.64
15064,32,0
15065,33,0.16
15066,32,0.22
15067,1,1.2
15068,1,1.2
15069,1,2.28
15070,33,0
15071,32,0
15072,1,33.14
15073,33,0.48
15074,1,1.6
15075,32,0
15076,1,1.36
15077,33,0
15078,32,0
15079,33,0
15080,1,1.6
15081,32,0
15082,33,0
15083,32,0
15084,33,0
15085,1,114.29
15086,32,0.1
15087,33,0
15088,32,0.08
15089,33,0
15090,32,0.3
15091,1,133.94
15092,33,0
15093,32,0.19
15094,1,2.4
15095,33,0
15096,1,5.12
15097,32,0
15098,33,0
15099,32,0.1
15100,33,0
15101,32,0.08
15102,33,0
15103,32,0
15104,33,0.6
15105,1,2.24
15106,32,0
15107,33,0
15108,1,16.44
15109,32,0
15110,33,0
15111,1,1.8
15112,1,1.67
15113,32,0
15114,33,0.2
15115,1,3.36
15116,32,0
15117,33,0
15118,32,0
15119,1,1.6
15120,33,0.08
15121,1,1.92
15122,1,137.37
15123,1,1.5
15124,33,0.4
15125,32,0
15126,1,39.17
15127,1,3.6
15128,33,0.48
15129,32,0
15130,33,0
15131,32,0
15132,1,3.3
15133,33,0.25
15134,1,54.86
15135,32,0
15136,33,0.2
15137,1,1.54
15138,32,0.08
15139,33,0
15140,32,0
15141,1,386.41
15142,33,0
15143,32,0.24
15144,33,0
15145,32,0
15146,33,0
15147,32,0
15148,33,0.16
15149,1,1
15150,1,524.29
15151,1,2.4
15152,32,0.13
15153,33,0.4
15154,32,0.64
15155,33,0.18
15156,32,0
15157,1,1.6
15158,33,0
15159,32,0.14
15160,33,0
15161,1,1.7
15162,32,0
15163,33,0.19
15164,32,0
15165,33,0.08
15166,1,11.12
15167,32,0
15168,33,0
15169,32,0.06
15170,33,0.1
15171,32,0.61
15172,1,13.62
15173,33,0
15174,32,0.48
15175,1,51.79
15176,33,0
15177,32,0
15178,33,0
15179,32,0
15180,33,0
15181,32,0
15182,33,0
15183,33,0.4
15184,32,0
15185,33,0
15186,1,1.19
15187,32,0
15188,33,0
15189,32,0.22
15190,1,6.4
15191,33,0
15192,32,0.6
15193,33,0.66
15194,32,0.2
15195,33,0
15196,32,0.5
15197,33,0
15198,32,0.09
15199,33,0.34
15200,1,1.6
15201,32,0
15202,33,0.84
15203,32,0.18
15204,1,127.13
15205,33,0
15206,32,0
15207,1,4.11
15208,33,0
15209,32,0
15210,33,0.08
15211,32,0.72
15212,33,0
15213,32,0
15214,33,0.35
15215,32,0.16
15216,33,0
15217,32,0
15218,33,0
15219,32,0
15220,33,0
15221,32,0
15222,33,0
15223,32,0.24
15224,33,0
15225,32,0
15226,33,0.64
15227,32,0.85
15228,1,1.12
15229,33,0
15230,1,34.79
15231,32,0
15232,1,1.66
15233,33,0
15234,33,0.95
15235,32,0.48
15236,33,0
15237,32,0.64
15238,33,0.2
15239,32,0.19
15240,33,0
15241,1,109.68
15242,32,0.8
15243,1,123.04
15244,33,0
15245,32,0.6
15246,33,0
15247,32,0.96
15248,33,0.34
15249,32,0
15250,33,0
15251,32,0
15252,33,0.1
15253,32,0.86
15254,33,0
15255,1,395.58
15256,32,0.19
15257,33,0
15258,32,0
15259,33,0
15260,32,0
15261,33,0
15262,32,0.07
15263,33,0
15264,32,0
15265,33,0
15266,32,0.16
15267,1,1.6
15268,33,0
15269,32,0.22
15270,1,1.28
15271,1,1.12
15272,33,0
15273,32,0
15274,1,1.76
15275,1,2424.66
15276,1,56.04
15277,33,0
15278,32,0.56
15279,33,0.14
15280,1,1.87
15281,1,4
15282,32,0
15283,33,0
15284,32,0.54
15285,33,0
15286,32,0
15287,33,0.56
15288,1,141.5
15289,33,0
15290,32,0.22
15291,33,0
15292,1,842.43
15293,32,0
15294,33,0
15295,1,1.79
15296,32,0
15297,33,0
15298,32,0
15299,33,0
15300,32,0
15301,33,0.8
15302,1,311.36
15303,32,0
15304,33,0.32
15305,32,0.19
15306,33,0.18
15307,32,0
15308,33,0
15309,32,0
15310,33,0
15311,32,0
15312,33,0
15313,32,0
15314,33,0.24
15315,32,0
15316,1,5.12
15317,33,0.48
15318,32,0
15319,33,0
15320,1,8.56
15321,32,0.14
15322,33,0.64
15323,1,6.72
15324,32,0
15325,33,0
15326,1,1.44
15327,32,0
15328,33,0
15329,32,0.42
15330,1,1.44
15331,1,2.24
15332,33,0
15333,32,0.58
15334,33,0
15335,32,0
15336,33,0.4
15337,32,0.16
15338,1,2.4
15339,33,0
15340,32,0
15341,1,4.56
15342,33,0.16
15343,32,0
15344,33,0
15345,33,0.2
15346,32,0
15347,33,0.64
15348,32,0
15349,33,0.17
15350,32,0
15351,33,0
15352,32,0.22
15353,1,1.68
15354,33,0
15355,1,91.63
15356,32,0.48
15357,1,1.96
15358,1,1.65
15359,1,53.62
15360,33,0.08
15361,32,0.08
15362,33,0
15363,32,0
15364,1,2.24
15365,33,0.18
15366,32,0.42
15367,33,0
15368,32,0
15369,33,0.06
15370,32,0
15371,33,0
15372,32,0
15373,33,0
15374,32,0.13
15375,33,0
15376,32,0.24
15377,33,0
15378,32,0.38
15379,33,0
15380,32,0
15381,33,0
15382,32,0.48
15383,1,1.12
15384,33,0
15385,32,0
15386,1,1.2
15387,33,0
15388,32,0
15389,33,0.7
15390,32,0.13
15391,33,0.64
15392,32,0.6
15393,33,0
15394,1,776.51
15395,32,0
15396,33,0
15397,33,0.8
15398,32,0
15399,33,0
15400,32,0
15401,1,2.8
15402,33,0
15403,32,0.21
15404,33,0
15405,32,0.06
15406,33,0.09
15407,1,1.5
15408,32,0
15409,33,0.24
15410,32,0
15411,1,1.01
15412,33,0
15413,32,0.16
15414,33,0.5
15415,32,0.84
15416,1,1.4
15417,33,0
15418,32,0.48
15419,33,0.19
15420,32,0.08
15421,33,0.08
15422,32,0
15423,33,0
15424,1,851.18
15425,32,0.84
15426,33,0
15427,32,0.84
15428,33,0
15429,32,0
15430,33,0
15431,32,0
15432,33,0.77
15433,32,0
15434,33,0
15435,32,0.07
15436,1,0.97
15437,33,0
15438,32,0
15439,33,0.38
15440,32,0
15441,33,0.1
15442,32,0.32
15443,1,125.89
15444,33,0
15445,32,0.2
15446,33,0.87
15447,33,0
15448,32,0.25
15449,33,0
15450,1,11.2
15451,32,0
15452,33,0.14
15453,1,211.54
15454,1,2.4
15455,32,0
15456,33,0
15457,32,0
15458,1,114.42
15459,33,0
15460,32,0
15461,1,20.96
15462,33,0.7
15463,32,0.16
15464,1,50.17
15465,1,70.1
15466,33,0
15467,1,1.5
15468,32,0
15469,33,0
15470,32,0.24
15471,33,0
15472,1,431.97
15473,32,0
15474,33,0
15475,1,1.84
15476,1,9.1
15477,32,0
15478,1,2.8
15479,1,1.44
15480,33,0
15481,1,1.14
15482,32,0.6
15483,33,0
15484,32,0.25
15485,33,0
15486,32,0.09
15487,33,0
15488,32,0.4
15489,33,0.08
15490,32,0
15491,1,2.77
15492,33,0
15493,32,0
15494,33,0
15495,32,0
15496,33,0
15497,32,0.08
15498,1,226.19
15499,33,0.2
15500,1,77.7
15501,32,0
15502,1,1.08
15503,1,78.98
15504,33,0
15505,32,0.36
15506,33,0
15507,1,1.14
15508,32,0
15509,1,304.54
15510,1,1.59
15511,1,3.2
15512,33,0
15513,32,0
15514,33,0
15515,33,0
15516,32,0
15517,33,0
15518,1,1.79
15519,32,0
15520,1,1.44
15521,33,0
15522,32,0
15523,33,0
15524,32,0
15525,33,0
15526,32,0.96
15527,33,0.64
15528,1,4
15529,32,0.8
15530,33,0
15531,32,0.2
15532,33,0
15533,32,0.48
15534,33,0.2
15535,32,0.16
15536,1,1.89
15537,33,0.06
15538,32,0.44
15539,1,5.04
15540,33,0.24
15541,32,0
15542,1,293.08
15543,1,1.6
15544,33,0
15545,1,1.2
15546,32,0
15547,33,0
15548,32,0
15549,33,0
15550,32,0.2
15551,33,0.5
15552,32,0
15553,1,95.48
15554,33,0
15555,32,0.3
15556,33,0.4
15557,32,0.14
15558,33,0
15559,32,0
15560,33,0
15561,32,0
15562,33,0.14
15563,1,1.64
15564,32,0
15565,33,0
15566,32,0
15567,33,0
15568,33,0
15569,32,0
15570,33,0
15571,32,0
15572,33,0.5
15573,1,1.12
15574,32,0.24
15575,33,0.62
15576,32,0.2
15577,33,0.6
15578,1,1.28
15579,32,0.89
15580,33,0.16
15581,32,0.94
15582,33,0
15583,32,0
15584,33,0
15585,32,0
15586,1,123.94
15587,33,0
15588,1,179.42
15589,32,0
15590,33,0
15591,32,0
15592,33,0.38
15593,32,0.16
15594,33,0.8
15595,32,0.25
15596,33,0
15597,32,0
15598,33,0.26
15599,32,0
15600,1,3.82
15601,33,0
15602,32,0
15603,33,0
15604,32,0
15605,33,0
15606,32,0
15607,33,0.2
15608,32,0.24
15609,1,2.56
15610,33,0
15611,32,0
15612,1,1.2
15613,33,0
15614,32,0.18
15615,33,0.3
15616,32,0
15617,33,0.24
15618,32,0
15619,33,0
15620,33,0.1
15621,32,0.18
15622,1,1087.38
15623,33,0.35
15624,1,25.66
15625,32,0
15626,1,29.72
15627,33,0
15628,1,44.83
15629,32,0
15630,33,0.24
15631,32,0.86
15632,33,0
15633,32,0.29
15634,33,0
15635,32,0
15636,33,0.33
15637,32,0
15638,33,0
15639,32,0.96
15640,1,1146.2
15641,1,1.28
15642,33,0
15643,32,0
15644,33,0
15645,32,0.08
15646,33,0
15647,32,0
15648,1,86.93
15649,33,0.16
15650,1,1
15651,32,0
15652,33,0
15653,32,0
15654,33,0.24
15655,32,0.62
15656,33,0.58
15657,32,0
15658,33,0.1
15659,1,3.68
15660,32,0
15661,1,0.99
15662,1,1.9
15663,33,0
15664,32,0
15665,1,3.2
15666,1,19.44
15667,33,0
15668,1,23.04
15669,32,0
15670,33,0
15671,32,0
15672,33,0.35
15673,32,0
15674,33,0
15675,32,0.45
15676,33,0.28
15677,1,377.74
15678,33,0.14
15679,32,0
15680,33,0.2
15681,32,0.06
15682,33,0.29
15683,1,1.44
15684,32,0
15685,33,0
15686,1,2.74
15687,32,0
15688,33,0
15689,32,0
15690,33,0.48
15691,32,0.4
15692,33,0.16
15693,32,0.5
15694,33,0
15695,32,0
15696,33,0.5
15697,1,293.69
15698,32,0.07
15699,33,0.38
15700,1,101.65
15701,32,0.11
15702,33,0.4
15703,32,0.63
15704,33,0
15705,32,0
15706,33,0.13
15707,32,0.08
15708,33,0.14
15709,32,0
15710,1,1.5
15711,33,0.62
15712,32,0.42
15713,33,0.18
15714,32,0
15715,33,0
15716,1,1.8
15717,1,66.44
15718,32,0.4
15719,33,0.08
15720,32,0
15721,33,0
15722,32,0
15723,33,0
15724,32,0
15725,33,0
15726,32,0
15727,1,3.6
15728,33,0.45
15729,33,0
15730,1,1.55
15731,1,41.11
15732,1,516.43
15733,32,0.12
15734,33,0
15735,32,0.14
15736,33,0
15737,32,0
15738,33,0
15739,32,0.12
15740,33,0
15741,32,0
15742,33,0
15743,32,0.38
15744,33,0.16
15745,32,0
15746,33,0
15747,32,0.21
15748,33,0
15749,1,5.12
15750,32,0.4
15751,33,0.5
15752,32,0.1
15753,33,0
15754,1,2.14
15755,32,0.13
15756,33,0.34
15757,32,0.24
15758,33,0.22
15759,32,0
15760,33,0
15761,32,0
15762,1,126.36
15763,33,0.16
15764,32,0
15765,33,0.58
15766,32,0
15767,33,0
15768,32,0
15769,33,0
15770,1,5.6
15771,32,0
15772,33,0.34
15773,1,19.2
15774,32,0
15775,33,0.07
15776,32,0
15777,33,0
15778,1,1.44
15779,1,1.6
15780,32,0
15781,1,1.6
15782,33,0
15783,32,0
15784,33,0
15785,33,0.32
15786,1,327.22
15787,32,0.8
15788,1,136.17
15789,33,0.46
15790,32,0
15791,33,0
15792,32,0.3
15793,33,0
15794,32,0
15795,33,0
15796,32,0.08
15797,1,1
15798,33,0.78
15799,32,0
15800,33,0
15801,32,0.16
15802,1,158.22
15803,33,0
15804,32,0.3
15805,33,0
15806,32,0.5
15807,33,0
15808,32,0
15809,33,0.86
15810,32,0
15811,1,6.88
15812,33,0
15813,32,0
15814,1,602.13
15815,33,0
15816,32,0
15817,1,1377.89
15818,33,0
15819,1,3.2
15820,32,0.13
15821,33,0
15822,32,0
15823,33,0
15824,32,0
15825,33,0
15826,1,907.74
15827,32,0
15828,1,1.66
15829,33,0
15830,32,0
15831,33,0.8
15832,32,0
15833,1,255.25
15834,33,0.32
15835,32,0
15836,33,0
15837,32,0
15838,33,0
15839,33,0.3
15840,32,0
15841,33,0.19
15842,1,74.79
15843,32,0
15844,33,0.48
15845,32,0
15846,33,0
15847,32,0
15848,33,0
15849,32,0
15850,33,0.28
15851,1,1.74
15852,32,0.5
15853,33,0.22
15854,32,0.18
15855,33,0
15856,32,0
15857,33,0
15858,32,0.09
15859,33,0
15860,32,0
15861,33,0
15862,32,0
15863,33,0
15864,1,311.65
15865,32,0
15866,33,0
15867,32,0.12
15868,33,0.09
15869,32,0.08
15870,1,2.4
15871,33,0
15872,32,0
15873,33,0
15874,32,0
15875,33,0
15876,1,2
15877,1,5.59
15878,32,0
15879,33,0
15880,1,77.35
15881,32,0.16
15882,33,0
15883,32,0.88
15884,33,0
15885,1,1.44
15886,32,0
15887,33,0.06
15888,32,0
15889,1,133.18
15890,33,0
15891,1,71.04
15892,33,0.33
15893,32,0.24
15894,33,0
15895,32,0
15896,33,0
15897,32,0
15898,33,0
15899,32,0
15900,1,1.2
15901,33,0.16
15902,1,53.9
15903,32,0.54
15904,33,0.14
15905,32,0
15906,33,0
15907,32,0
15908,33,0
15909,32,0
15910,1,1.76
15911,33,0.09
15912,32,0.32
15913,33,0.2
15914,1,43.73
15915,32,0
15916,33,0
15917,1,7.21
15918,32,0
15919,33,0
15920,32,0
15921,33,0
15922,32,0
15923,33,0.35
15924,32,0
15925,33,0
15926,32,0
15927,33,0
15928,32,0
15929,33,0.5
15930,1,152.04
15931,32,0
15932,1,138.41
15933,33,0
15934,32,0
15935,1,1.55
15936,33,0
15937,32,0
15938,1,2
15939,33,0
15940,32,0.42
15941,1,1.68
15942,33,0
15943,32,0
15944,33,0
15945,32,0.26
15946,33,0
15947,1,68.06
15948,33,0
15949,32,0
15950,1,1.16
15951,1,3.68
15952,33,0
15953,32,0
15954,33,0.48
15955,32,0.13
15956,33,0
15957,32,0
15958,33,0
15959,1,245.19
15960,32,0
15961,33,0
15962,32,0.25
15963,33,0
15964,32,0
15965,33,0
15966,32,0.08
15967,33,0.3
15968,32,0
15969,33,0
15970,1,5.6
15971,1,87.73
15972,32,0
15973,33,0.1
15974,32,0
15975,33,0
15976,32,0.13
15977,33,0.96
15978,1,4.29
15979,1,1.44
15980,32,0.06
15981,33,0.26
15982,1,1.8
15983,32,0
15984,33,0
15985,32,0.2
15986,33,0.42
15987,1,4.8
15988,32,0
15989,33,0.15
15990,32,0
15991,33,0
15992,32,0
15993,1,1.82
15994,33,0.21
15995,32,0
15996,33,0
15997,32,0
15998,33,0
15999,1,505.83
16000,32,0
16001,33,0.08
16002,1,1.28
16003,33,0
16004,32,0.35
16005,33,0.13
16006,32,0.08
16007,33,0
16008,32,0.92
16009,33,0.1
16010,32,0.35
16011,33,0.08
16012,1,10.53
16013,1,28.13
16014,1,1.28
16015,32,0
16016,33,0.64
16017,32,0
16018,33,0.96
16019,32,0
16020,1,1.44
16021,33,0.08
16022,32,0
16023,33,0.53
16024,32,0.19
16025,33,0.75
16026,1,82.49
16027,32,0
16028,1,28.89
16029,1,2
16030,33,0
16031,1,1.4
16032,32,0.38
16033,33,0
16034,32,0
16035,33,0.6
16036,1,172.69
16037,32,0.1
16038,33,0
16039,32,0
16040,33,0.61
16041,32,0.4
16042,1,217.73
16043,33,0.27
16044,32,0.25
16045,33,0
16046,32,0
16047,33,0
16048,32,0
16049,33,0.24
16050,1,173.75
16051,1,1
16052,32,0
16053,33,0
16054,32,0
16055,33,0.22
16056,32,0
16057,33,0
16058,32,0.14
16059,1,69.25
16060,33,0
16061,33,0
16062,32,0
16063,33,0.36
16064,32,0.06
16065,1,120.05
16066,33,0
16067,32,0
16068,1,1.44
16069,33,0
16070,32,0
16071,33,0
16072,32,0.91
16073,33,0.18
16074,32,0
16075,33,0
16076,32,0.4
16077,33,0
16078,32,0.5
16079,33,0
16080,32,0.22
16081,1,2.15
16082,33,0.08
16083,32,0
16084,33,0.35
16085,32,0.12
16086,1,2.25
16087,33,0
16088,32,0
16089,33,0.2
16090,32,0
16091,1,6
16092,1,245.9
16093,33,0
16094,32,0.67
16095,33,0.19
16096,1,189.46
16097,1,1.68
16098,32,0
16099,33,0.36
16100,1,1.92
16101,1,46.4
16102,1,572.88
16103,32,0
16104,1,2
16105,33,0
16106,1,6.8
16107,32,0
16108,1,1.18
16109,33,0.22
16110,32,0
16111,1,1.78
16112,33,0
16113,32,0
16114,1,1
16115,33,0
16116,32,0.2
16117,1,31.36
16118,33,0
16119,32,0.28
16120,33,0
16121,33,0
16122,32,0
16123,33,0
16124,32,0.5
16125,1,1.2
16126,33,0
16127,32,0.18
16128,33,0
16129,1,47.12
16130,32,0
16131,33,0
16132,32,0
16133,33,0.13
16134,32,0
16135,33,0.3
16136,1,1.86
16137,32,0.56
16138,1,50.88
16139,33,0
16140,32,0
16141,33,0.48
16142,32,0.7
16143,1,2.11
16144,33,0
16145,32,0
16146,33,0
16147,1,5.06
16148,32,0.28
16149,1,191.28
16150,33,0
16151,1,3.2
16152,1,1.68
16153,32,0.4
16154,33,0.72
16155,1,5.44
16156,1,468.62
16157,32,0.5
16158,33,0
16159,32,0
16160,33,0.29
16161,32,0.56
16162,33,0
16163,32,0.88
16164,1,7.71
16165,1,0.99
16166,33,0
16167,32,0.4
16168,33,0.2
16169,1,84.98
16170,32,0
16171,33,0
16172,1,15.51
16173,32,0.18
16174,33,0.13
16175,32,0.12
16176,1,380.76
16177,33,0.13
16178,1,9
16179,32,0.56
16180,33,0
16181,33,0
16182,32,0.06
16183,33,0.64
16184,32,0
16185,33,0
16186,32,0
16187,1,1.18
16188,1,1.13
16189,33,0
16190,1,1.96
16191,32,0
16192,33,0.22
16193,32,0.35
16194,33,0.38
16195,32,0
16196,33,0
16197,32,0
16198,33,0
16199,32,0.18
16200,1,4.48
16201,1,7.2
16202,33,0
16203,1,1.06
16204,32,0
16205,33,0.08
16206,32,0.13
16207,1,2
16208,33,0.8
16209,1,212.11
16210,1,2
16211,32,0
16212,33,0
16213,32,0
16214,33,0
16215,32,0.4
16216,33,0
16217,32,0.29
16218,33,0
16219,32,0
16220,33,0.22
16221,32,0
16222,33,0
16223,32,0
16224,33,0.96
16225,32,0
16226,33,0
16227,1,2.56
16228,32,0
16229,33,0
16230,1,1.44
16231,32,0
16232,33,0.4
16233,32,0.3
16234,33,0
16235,1,31.56
16236,32,0.84
16237,33,0
16238,33,0
16239,32,0
16240,33,0
16241,1,103.8
16242,32,0.44
16243,33,0
16244,32,0
16245,33,0
16246,32,0
16247,33,0
16248,32,0.6
16249,33,0
16250,32,0
16251,33,0
16252,32,0
16253,1,4.34
16254,1,3.36
16255,1,3
16256,33,0
16257,32,0
16258,33,0
16259,32,0
16260,33,0
16261,32,0.24
16262,33,0.35
16263,1,121.01
16264,32,0.9
16265,33,0.13
16266,32,0.44
16267,1,2.4
16268,1,1.19
16269,33,0
16270,32,0.1
16271,33,0
16272,32,0.13
16273,33,0
16274,32,0
16275,1,1.28
16276,33,0.72
16277,32,0.24
16278,33,0.42
16279,1,67.21
16280,32,0
16281,33,0.4
16282,32,0
16283,33,0
16284,32,0.22
16285,33,0
16286,32,0
16287,33,0
16288,32,0.32
16289,33,0
16290,33,0
16291,32,0
16292,33,0.32
16293,32,0.16
16294,33,0
16295,32,0
16296,1,2.16
16297,33,0
16298,32,0.7
16299,33,0
16300,32,0
16301,33,0
16302,32,0
16303,33,0.18
16304,32,0
16305,1,2.25
16306,1,1.24
16307,33,0.21
16308,32,0
16309,33,0
16310,32,0
16311,33,0
16312,32,0.24
16313,1,2.04
16314,33,0
16315,32,0.3
16316,1,1.8
16317,33,0.48
16318,32,0.19
16319,33,0
16320,1,0.98
16321,32,0
16322,1,11.72
16323,33,0
16324,32,0
16325,33,0
16326,32,0
16327,33,0
16328,32,0.5
16329,33,0
16330,32,0
16331,33,0
16332,1,425.53
16333,32,0
16334,33,0.18
16335,32,0
16336,33,0
16337,32,0.13
16338,1,1.12
16339,1,152.07
16340,33,0.16
16341,32,0.8
16342,33,0
16343,33,0
16344,1,545.05
16345,32,0
16346,33,0
16347,32,0
16348,33,0
16349,32,0
16350,33,0.12
16351,32,0.13
16352,33,0
16353,32,0.71
16354,1,13.87
16355,33,0
16356,1,485.8
16357,32,0.4
16358,33,0
16359,32,0
16360,33,0.2
16361,32,0
16362,33,0
16363,32,0.13
16364,33,0
16365,32,0
16366,1,85.9
16367,33,0.22
16368,1,1.2
16369,32,0.2
16370,33,0
16371,32,0
16372,33,0.96
16373,1,16.3
16374,32,0
16375,33,0
16376,32,0
16377,33,0.52
16378,1,197.01
16379,32,0.42
16380,33,0
16381,32,0.16
16382,33,0
16383,32,0.8
16384,33,0.19
16385,32,0.09
16386,33,0.7
16387,32,0
16388,33,0
16389,32,0
16390,1,2
16391,1,2.72
16392,1,2.69
16393,33,0.2
16394,32,0
16395,1,585.77
16396,33,0
16397,32,0
16398,33,0
16399,33,0
16400,1,1.29
16401,32,0.48
16402,1,1.68
16403,33,0
16404,1,583.32
16405,32,0
16406,33,0
16407,32,0.6
16408,33,0.8
16409,1,2.88
16410,1,1.66
16411,32,0.26
16412,33,0.08
16413,32,0.13
16414,33,0
16415,1,90.87
16416,32,0
16417,33,0
16418,32,0.6
16419,33,0.32
16420,32,0.18
16421,33,0.08
16422,32,0
16423,1,4.96
16424,33,0
16425,32,0
16426,33,0.58
16427,32,0
16428,33,0
16429,32,0.3
16430,33,0.46
16431,32,0
16432,33,0
16433,32,0
16434,1,52.15
16435,33,0
16436,32,0.32
16437,33,0.42
16438,32,0
16439,33,0
16440,1,1.09
16441,32,0.26
16442,33,0.13
16443,1,1.87
16444,32,0.13
16445,33,0.07
16446,32,0
16447,33,0
16448,32,0.62
16449,33,0.29
16450,32,0
16451,1,323.59
16452,33,0
16453,33,0
16454,32,0.92
16455,33,0
16456,32,0.58
16457,1,482.86
16458,33,0
16459,32,0
16460,33,0
16461,1,4.54
16462,32,0.64
16463,33,0
16464,32,0
16465,1,8.82
16466,33,0
16467,32,0
16468,33,0.46
16469,1,13.92
16470,32,0
16471,33,0
16472,32,0
16473,33,0
16474,1,1
16475,32,0
16476,33,0.14
16477,32,0.12
16478,1,29.96
16479,33,0.18
16480,32,0.64
16481,33,0
16482,32,0
16483,33,0
16484,32,0.14
16485,33,0
16486,32,0
16487,33,0.59
16488,32,0
16489,33,0
16490,1,126.79
16491,1,1.1
16492,32,0
16493,33,0
16494,32,0.55
16495,1,2.5
16496,1,1.35
16497,33,0.46
16498,32,0.7
16499,33,0.1
16500,32,0
16501,1,1.95
16502,33,0.1
16503,32,0.8
16504,33,0
16505,32,0
16506,1,415.64
16507,33,0.36
16508,33,0
16509,1,1.69
16510,32,0
16511,1,5.93
16512,1,1.36
16513,33,0
16514,1,1.44
16515,32,0
16516,33,0
16517,32,0.16
16518,33,0
16519,32,0.07
16520,33,0
16521,32,0
16522,33,0.11
16523,32,0.8
16524,1,1.12
16525,1,625.23
16526,33,0.68
16527,32,0
16528,33,0
16529,32,0.24
16530,33,0.38
16531,32,0
16532,33,0
16533,32,0.72
16534,33,0.24
16535,32,0.27
16536,33,0
16537,1,190.87
16538,1,46.61
16539,32,0
16540,33,0.16
16541,32,0.08
16542,33,0
16543,32,0.29
16544,33,0.06
16545,32,0.42
16546,33,0
16547,32,0
16548,1,4.48
16549,33,0.92
16550,32,0
16551,1,1.76
16552,1,2.32
16553,1,1.18
16554,1,286.72
16555,33,0
16556,32,0
16557,33,0
16558,32,0
16559,33,0
16560,32,0
16561,33,0
16562,1,1.36
16563,1,52.58
16564,32,0
16565,33,0.06
16566,32,0.24
16567,33,0
16568,33,0
16569,32,0
16570,33,0
16571,32,0.21
16572,33,0
16573,1,1.78
16574,1,144.76
16575,32,0
16576,33,0
16577,1,1.12
16578,32,0.36
16579,33,0
16580,32,0.29
16581,33,0
16582,32,0.08
16583,1,1
16584,1,1.28
16585,1,5.6
16586,33,0.17
16587,32,0.8
16588,33,0
16589,32,0.96
16590,33,0.22
16591,1,2.88
16592,32,0
16593,33,0.08
16594,32,0
16595,33,0.24
16596,32,0
16597,1,103.9
16598,33,0
16599,32,0.5
16600,33,0
16601,32,0
16602,33,0.25
16603,32,0.12
16604,33,0
16605,32,0.09
16606,33,0
16607,32,0
16608,33,0.07
16609,32,0.85
16610,33,0.48
16611,32,0
16612,33,0.7
16613,32,0
16614,33,0
16615,32,0.32
16616,33,0
16617,32,0.3
16618,33,0
16619,33,0.59
16620,32,0
16621,33,0
16622,32,0.18
16623,33,0.67
16624,32,0
16625,33,0
16626,1,1.12
16627,32,0
16628,33,0
16629,32,0
16630,1,3.2
16631,33,0
16632,32,0.7
16633,33,0
16634,1,125.27
16635,32,0
16636,33,0.3
16637,1,722.74
16638,32,0
16639,1,7.22
16640,33,0
16641,32,0
16642,33,0
16643,1,6.16
16644,32,0.18
16645,33,0.6
16646,1,70.38
16647,32,0
16648,33,0.96
16649,32,0
16650,33,0.8
16651,32,0
16652,33,0.38
16653,32,0
16654,1,2
16655,33,0
16656,32,0
16657,1,0.98
16658,33,0
16659,1,1.2
16660,32,0.4
16661,33,0.68
16662,32,0
16663,33,0
16664,1,390
16665,32,0.08
16666,1,1.44
16667,33,0
16668,32,0
16669,33,0
16670,1,1.92
16671,32,0
16672,33,0
16673,32,0
16674,33,0
16675,1,9.84
16676,32,0
16677,33,0
16678,33,0
16679,32,0.12
16680,33,0
16681,32,0.24
16682,1,1.08
16683,33,0.67
16684,32,0
16685,1,92.39
16686,33,0.48
16687,32,0
16688,33,0
16689,1,1.6
16690,32,0.56
16691,1,110.52
16692,33,0
16693,32,0
16694,1,1.7
16695,33,0.23
16696,32,0.8
16697,33,0.38
16698,32,0.2
16699,33,0
16700,32,0.36
16701,33,0
16702,1,156.32
16703,32,0.19
16704,33,0.12
16705,32,0
16706,33,0
16707,32,0
16708,33,0
16709,32,0
16710,33,0
16711,32,0
16712,33,0.13
16713,1,731.31
16714,32,0.08
16715,1,1.12
16716,33,0
16717,32,0
16718,1,577.34
16719,33,0.2
16720,32,0
16721,33,0
16722,1,1.7
16723,32,0
16724,33,0
16725,1,319.9
16726,32,0
16727,33,0
16728,32,0.83
16729,33,0.55
16730,32,0
16731,33,0
16732,1,5.87
16733,33,0
16734,32,0.42
16735,33,0
16736,32,0.13
16737,33,0
16738,32,0
16739,33,0
16740,32,0
16741,33,0.4
16742,1,3.6
16743,32,0
16744,33,0
16745,32,0
16746,33,0
16747,32,0.38
16748,33,0
16749,1,1.12
16750,1,61.13
16751,32,0
16752,33,0.5
16753,32,0.26
16754,1,583.93
16755,33,0.1
16756,32,0
16757,1,1.28
16758,33,0
16759,1,92.69
16760,32,0.2
16761,33,0
16762,1,985.5
16763,32,0
16764,33,0.18
16765,32,0
16766,33,0
16767,32,0
16768,33,0
16769,32,0.3
16770,33,0
16771,32,0.16
16772,1,5.72
16773,33,0
16774,32,0
16775,1,1178.72
16776,33,0
16777,32,0.71
16778,33,0
16779,32,0
16780,33,0
16781,32,0
16782,1,2.18
16783,1,1.65
16784,33,0
16785,32,0.14
16786,1,432.41
16787,33,0
16788,33,0
16789,32,0
16790,33,0.14
16791,1,2.67
16792,32,0
16793,33,0
16794,32,0
16795,33,0
16796,32,0
16797,1,40.64
16798,33,0
16799,32,0.07
16800,1,2.56
16801,1,1.6
16802,1,9.98
16803,33,0
16804,32,0.3
16805,33,0
16806,32,0.29
16807,33,0.16
16808,32,0
16809,33,0.45
16810,32,0
16811,33,0
16812,32,0.19
16813,33,0
16814,32,0
16815,33,0
16816,32,0.16
16817,33,0.13
16818,32,0
16819,33,0.1
16820,32,0
16821,33,0
16822,32,0
16823,33,0
16824,1,2.24
16825,32,0
16826,1,3.84
16827,33,0
16828,32,0.22
16829,33,0.96
16830,32,0.16
16831,1,893.29
16832,33,0.36
16833,32,0.16
16834,33,0
16835,32,0
16836,33,0
16837,32,0.56
16838,33,0
16839,32,0.5
16840,33,0.48
16841,1,396.6
16842,33,0
16843,32,0
16844,33,0.2
16845,1,60.45
16846,1,1.4
16847,32,0.2
16848,33,0.28
16849,32,0
16850,1,3.6
16851,33,0
16852,1,1.94
16853,32,0
16854,1,2.4
16855,33,0.08
16856,32,0.11
16857,33,0
16858,1,1.68
16859,32,0.1
16860,1,656.31
16861,33,0
16862,32,0
16863,1,1686.32
16864,33,0
16865,32,0
16866,1,68.01
16867,33,0
16868,32,0
16869,1,1.75
16870,33,0
16871,32,0.14
16872,33,0
16873,32,0.08
16874,33,0
16875,1,1.08
16876,32,0
16877,33,0
16878,32,0
16879,33,0.16
16880,1,972.38
16881,32,0.32
16882,33,0
16883,1,815.82
16884,1,318.02
16885,32,0.7
16886,33,0
16887,32,0.56
16888,33,0
16889,32,0
16890,33,0
16891,32,0
16892,33,0.1
16893,32,0
16894,33,0.96
16895,32,0
16896,33,0
16897,32,0
16898,33,0.18
16899,33,0.29
16900,1,1.39
16901,1,3.2
16902,32,0
16903,33,0
16904,32,0.59
16905,33,0
16906,1,4.8
16907,32,0
16908,33,0.06
16909,32,0.22
16910,33,0.2
16911,1,327.24
16912,32,0.43
16913,33,0
16914,32,0.44
16915,33,0
16916,1,1.8
16917,32,0
16918,33,0.43
16919,32,0.96
16920,33,0
16921,32,0.21
16922,33,0
16923,32,0.24
16924,33,0
16925,1,141.4
16926,32,0.32
16927,33,0
16928,1,1.95
16929,32,0.18
16930,1,197.09
16931,33,0.16
16932,1,15.81
16933,1,5.6
16934,32,0.8
16935,33,0
16936,32,0
16937,33,0.56
16938,1,102.78
16939,1,1.44
16940,32,0
16941,33,0
16942,32,0
16943,33,0
16944,32,0.16
16945,33,0
16946,1,3.36
16947,1,101.17
16948,1,3.12
16949,32,0.19
16950,33,0
16951,32,0
16952,33,0
16953,32,0
16954,33,0.08
16955,32,0
16956,1,98.03
16957,33,0.4
16958,33,0
16959,1,7.76
16960,32,0.56
16961,33,0.13
16962,32,0.58
16963,1,49.47
16964,1,155.38
16965,33,0.09
16966,1,1
16967,32,0
16968,33,0
16969,32,0
16970,33,0.16
16971,32,0
16972,1,1.28
16973,33,0
16974,32,0
16975,33,0
16976,32,0
16977,33,0
16978,32,0
16979,1,2.94
16980,33,0.06
16981,32,0
16982,1,2.08
16983,33,0.19
16984,32,0
16985,33,0
16986,32,0
16987,33,0
16988,32,0
16989,33,0.19
16990,1,1.6
16991,1,13.99
16992,32,0
16993,33,0.22
16994,32,0
16995,33,0
16996,32,0
16997,33,0
16998,32,0.64
16999,33,0.64
17000,32,0
17001,33,0.5
17002,32,0
17003,33,0
17004,1,1.36
17005,32,0
17006,33,0.16
17007,1,101.28
17008,32,0
17009,33,0
17010,32,0.4
17011,33,0.2
17012,32,0
17013,1,1.68
17014,1,4.8
17015,33,0
17016,33,0.08
17017,32,0.4
17018,33,0.6
17019,32,0
17020,33,0
17021,32,0
17022,33,0
17023,32,0.21
17024,33,0.8
17025,32,0
17026,33,0.43
17027,32,0.06
17028,1,53.91
17029,33,0.8
17030,32,0
17031,33,0.14
17032,1,694.94
17033,32,0.5
17034,33,0
17035,32,0
17036,33,0
17037,32,0.7
17038,33,0
17039,1,24.81
17040,1,5.28
17041,32,0
17042,33,0.08
17043,32,0.5
17044,33,0
17045,32,0
17046,1,1
17047,33,0.18
17048,1,589.85
17049,32,0.6
17050,1,7.04
17051,33,0
17052,32,0
17053,33,0.4
17054,32,0
17055,1,302.32
17056,1,2.16
17057,1,105.72
17058,33,0
17059,32,0
17060,33,0
17061,32,0
17062,33,0.4
17063,32,0.29
17064,33,0
17065,32,0.5
17066,33,0
17067,32,0.24
17068,33,0.13
17069,33,0
17070,32,0
17071,33,0
17072,1,2902.44
17073,32,0.46
17074,33,0
17075,32,0.1
17076,33,0
17077,32,0.38
17078,33,0.8
17079,32,0
17080,1,65.59
17081,33,0
17082,32,0.8
17083,33,0.13
17084,32,0
17085,33,0
17086,32,0
17087,33,0
17088,32,0.4
17089,33,0.72
17090,32,0
17091,33,0
17092,32,0
17093,33,0.36
17094,1,1.42
17095,32,0
17096,1,88.76
17097,33,0
17098,32,0
17099,33,0
17100,1,834.59
17101,32,0
17102,1,6
17103,33,0
17104,1,1.4
17105,32,0
17106,33,0.5
17107,32,0
17108,33,0.32
17109,1,362.99
17110,32,0.3
17111,1,4.16
17112,33,0
17113,32,0
17114,33,0
17115,32,0
17116,1,186.26
17117,1,1010.75
17118,33,0
17119,32,0.8
17120,33,0.08
17121,1,4.48
17122,1,1.2
17123,32,0
17124,1,2.24
17125,33,0
17126,32,0
17127,1,14.2
17128,33,0.08
17129,33,0.19
17130,32,0.32
17131,33,0
17132,32,0
17133,33,0
17134,32,0.48
17135,33,0.19
17136,32,0
17137,33,0
17138,32,0
17139,33,0
17140,1,41.31
17141,32,0
17142,33,0
17143,32,0.07
17144,33,0.21
17145,32,0
17146,33,0
17147,32,0.38
17148,33,0
17149,32,0
17150,1,10
17151,33,0.16
17152,32,0
17153,33,0
17154,32,0
17155,33,0
17156,1,7.52
17157,32,0.12
17158,33,0
17159,32,0
17160,33,0
17161,32,0
17162,33,0
17163,32,0.77
17164,1,1.05
17165,33,0.54
17166,32,0
17167,1,1.2
17168,33,0.96
17169,32,0
17170,33,0
17171,1,314.25
17172,32,0.36
17173,33,0
17174,32,0
17175,33,0.16
17176,32,0.35
17177,1,589.83
17178,1,8.64
17179,33,0
17180,33,0.16
17181,1,823.38
17182,32,0.06
17183,1,1.68
17184,33,0
17185,32,0
17186,33,0.24
17187,1,108.54
17188,1,1.06
17189,1,1.44
17190,32,0
17191,33,0
17192,32,0
17193,33,0
17194,1,89.33
17195,32,0
17196,33,0
17197,32,0.29
17198,33,0
17199,1,209.62
17200,32,0.08
17201,33,0.9
17202,32,0
17203,33,0.14
17204,1,3.36
17205,32,0
17206,33,0
17207,32,0
17208,33,0
17209,32,0.56
17210,1,231.94
17211,1,4.8
17212,33,0
17213,1,414.75
17214,32,0.19
17215,33,0
17216,32,0.25
17217,1,3.87
17218,1,2.6
17219,33,0
17220,1,1014.43
17221,32,0.1
17222,33,0.53
17223,32,0.19
17224,33,0.5
17225,32,0
17226,33,0
17227,32,0.06
17228,33,0.22
17229,32,0.26
17230,33,0
17231,1,691.99
17232,32,0
17233,33,0.64
17234,32,0.67
17235,1,2.64
17236,33,0
17237,1,1.28
17238,32,0
17239,33,0
17240,33,0.56
17241,1,1.44
17242,32,0
17243,33,0.08
17244,32,0.48
17245,33,0
17246,32,0
17247,33,0
17248,32,0.16
17249,1,194.8
17250,33,0.29
17251,32,0
17252,33,0.24
17253,32,0
17254,33,0.22
17255,32,0.9
17256,1,6.6
17257,33,0
17258,32,0
17259,33,0
17260,1,545.72
17261,32,0.19
17262,1,26.12
17263,33,0
17264,32,0.4
17265,33,0.13
17266,32,0
17267,1,1.28
17268,1,138.93
17269,33,0
17270,32,0
17271,33,0.6
17272,32,0
17273,1,4.43
17274,33,0
17275,32,0
17276,1,2.88
17277,33,0
17278,32,0.24
17279,33,0
17280,32,0
17281,33,0
17282,1,2.56
17283,32,0
17284,33,0
17285,32,0
17286,33,0.3
17287,32,0
17288,33,0
17289,1,28.58
17290,32,0
17291,33,0
17292,32,0.4
17293,33,0
17294,32,0.2
17295,33,0.3
17296,33,0
17297,32,0.84
17298,33,0
17299,32,0.06
17300,33,0
17301,1,1.01
17302,1,30.25
17303,1,82.54
17304,32,0.18
17305,1,201.17
17306,33,0
17307,32,0
17308,33,0
17309,1,217.17
17310,1,4.8
17311,32,0
17312,33,0
17313,1,256.93
17314,32,0
17315,33,0
17316,32,0.18
17317,33,0.08
17318,32,0
17319,33,0.35
17320,32,0.78
17321,33,0.06
17322,32,0
17323,33,0.22
17324,32,0.35
17325,33,0
17326,1,4.67
17327,32,0
17328,33,0.8
17329,32,0
17330,33,0
17331,1,85.52
17332,1,134.16
17333,32,0
17334,33,0
17335,32,0.28
17336,33,0.25
17337,32,0.47
17338,33,0.8
17339,32,0
17340,33,0
17341,32,0
17342,33,0.46
17343,1,1.85
17344,32,0
17345,33,0.78
17346,32,0.08
17347,1,13.21
17348,33,0
17349,32,0.09
17350,33,0.64
17351,33,0
17352,32,0
17353,33,0.18
17354,1,1.52
17355,32,0.8
17356,1,2.03
17357,33,0.26
17358,32,0.06
17359,33,0
17360,1,1.12
17361,32,0.06
17362,33,0
17363,32,0
17364,33,0
17365,1,1.92
17366,1,1.12
17367,1,28.9
17368,32,0
17369,33,0.14
17370,32,0.59
17371,33,0
17372,1,2.35
17373,1,2.24
17374,32,0.48
17375,33,0
17376,1,5.77
17377,32,0
17378,33,0
17379,32,0
17380,1,1.28
17381,1,4
17382,1,195.39
17383,33,0
17384,32,0
17385,33,0
17386,1,3.52
17387,32,0
17388,33,0
17389,32,0
17390,33,0
17391,1,2.66
17392,1,3.54
17393,1,1.62
17394,1,2.24
17395,1,880.16
17396,32,0.11
17397,33,0.34
17398,32,0
17399,1,3.36
17400,1,1.28
17401,1,45.25
17402,1,5.14
17403,33,0
17404,32,0.1
17405,33,0
17406,32,0
17407,33,0.5
17408,32,0
17409,33,0
17410,32,0
17411,33,0
17412,32,0
17413,33,0
17414,32,0
17415,33,0.4
17416,33,0
17417,32,0
17418,33,0
17419,32,0
17420,33,0
17421,32,0
17422,33,0
17423,1,2.24
17424,32,0
17425,33,0
17426,32,0
17427,33,0
17428,32,0.32
17429,33,0
17430,1,1.98
17431,32,0.26
17432,33,0
17433,32,0.32
17434,33,0
17435,1,1.7
17436,32,0
17437,1,2.4
17438,33,0
17439,32,0
17440,33,0
17441,32,0
17442,1,1.2
17443,33,0
17444,1,5.6
17445,1,1.4
17446,1,342.09
17447,32,0
17448,33,0.34
17449,32,0.84
17450,1,6.72
17451,1,2.8
17452,33,0.1
17453,32,0
17454,33,0
17455,32,0.4
17456,1,748.94
17457,1,11.48
17458,33,0.3
17459,32,0.88
17460,33,0.6
17461,32,0
17462,33,0
17463,32,0.2
17464,1,112.49
17465,33,0.4
17466,1,160.41
17467,32,0
17468,33,0
17469,32,0
17470,33,0
17471,32,0.14
17472,1,1.26
17473,33,0
17474,32,0.4
17475,1,3.2
17476,33,0
17477,33,0
17478,32,0
17479,33,0.79
17480,32,0
17481,33,0.1
17482,32,0.4
17483,33,0.18
17484,32,0.36
17485,33,0
17486,1,208.54
17487,1,2.8
17488,1,4.77
17489,32,0
17490,33,0.48
17491,32,0
17492,33,0
17493,32,0
17494,33,0.24
17495,32,0.44
17496,33,0.12
17497,1,128.65
17498,32,0.06
17499,33,0.36
17500,1,1.1
17501,32,0
17502,33,0.14
17503,32,0.72
17504,1,1.08
17505,33,0
17506,1,57.18
17507,1,218.6
17508,1,483.44
17509,32,0.24
17510,33,0
17511,1,1.6
17512,1,1.2
17513,32,0
17514,1,244.94
17515,33,0
17516,32,0
17517,33,0.56
17518,32,0
17519,33,0
17520,32,0.31
17521,33,0.1
17522,32,0.39
17523,33,0
17524,32,0.1
17525,1,3.06
17526,1,150.52
17527,33,0.08
17528,32,0.48
17529,33,0
17530,32,0.21
17531,33,0
17532,32,0
17533,1,1.24
17534,1,1.7
17535,33,0.3
17536,33,0
17537,1,2.4
17538,32,0.29
17539,33,0.11
17540,1,217.53
17541,32,0.14
17542,33,0.36
17543,32,0.1
17544,33,0
17545,32,0
17546,33,0
17547,32,0.16
17548,33,0
17549,1,1372.78
17550,32,0.06
17551,33,0
17552,32,0
17553,1,609.49
17554,1,2.1
17555,33,0.3
17556,32,0
17557,33,0.06
17558,32,0
17559,33,0
17560,32,0
17561,33,0
17562,32,0.6
17563,1,100.17
17564,33,0.24
17565,32,0
17566,1,1.3
17567,33,0
17568,32,0.18
17569,33,0
17570,32,0
17571,33,0
17572,32,0
17573,33,0.25
17574,1,98.31
17575,32,0.07
17576,1,2.68
17577,33,0.41
17578,32,0.4
17579,1,1.1
17580,33,0
17581,1,1.02
17582,32,0
17583,33,0
17584,32,0
17585,33,0
17586,32,0
17587,1,2
17588,33,0
17589,32,0
17590,1,5.06
17591,33,0
17592,32,0
17593,33,0
17594,33,0.44
17595,1,10.08
17596,32,0
17597,33,0
17598,32,0
17599,33,0
17600,32,0
17601,33,0.2
17602,32,0.8
17603,33,0
17604,32,0.29
17605,33,0
17606,32,0
17607,33,0
17608,32,0.35
17609,33,0
17610,32,0.08
17611,1,1.2
17612,33,0
17613,32,0.09
17614,33,0
17615,32,0.19
17616,33,0.73
17617,32,0.08
17618,33,0
17619,1,151.77
17620,1,149
17621,32,0.29
17622,33,0
17623,32,0
17624,33,0.74
17625,1,1.44
17626,1,28.15
17627,32,0
17628,33,0.24
17629,32,0.3
17630,33,0
17631,32,0
17632,1,1.66
17633,33,0.8
17634,32,0
17635,1,8.26
17636,33,0.16
17637,32,0
17638,33,0.4
17639,32,0
17640,33,0.35
17641,1,6.95
17642,32,0.16
17643,1,351.18
17644,33,0.2
17645,32,0
17646,33,0.36
17647,33,0
17648,32,0
17649,33,0
17650,32,0
17651,33,0
17652,1,6.48
17653,32,0.25
17654,33,0
17655,32,0.9
17656,1,113.7
17657,33,0
17658,32,0
17659,33,0.88
17660,32,0.26
17661,33,0
17662,1,2
17663,1,1.44
17664,1,1
17665,32,0
17666,33,0
17667,32,0
17668,33,0
17669,32,0
17670,33,0
17671,32,0
17672,33,0.56
17673,32,0
17674,33,0.08
17675,32,0
17676,33,0.6
17677,32,0
17678,1,1.86
17679,1,13.68
17680,33,0
17681,1,2.24
17682,1,2.07
17683,32,0
17684,1,115.55
17685,1,2257.53
17686,33,0
17687,32,0
17688,33,0
17689,32,0
17690,33,0
17691,32,0.16
17692,1,3
17693,33,0
17694,32,0.1
17695,33,0
17696,32,0
17697,33,0
17698,1,318.6
17699,1,99.65
17700,32,0
17701,33,0
17702,32,0
17703,33,0
17704,33,0
17705,1,668.69
17706,32,0
17707,33,0.16
17708,32,0
17709,33,0
17710,1,1.6
17711,32,0
17712,33,0.36
17713,1,114.58
17714,32,0.13
17715,33,0.35
17716,1,1.6
17717,32,0
17718,33,0
17719,32,0
17720,1,62.34
17721,33,0.78
17722,1,1.41
17723,32,0
17724,33,0
17725,32,0
17726,1,69.54
17727,33,0.29
17728,32,0.96
17729,33,0.4
17730,1,2.42
17731,32,0
17732,33,0
17733,32,0
17734,33,0
17735,1,3.36
17736,32,0
17737,33,0
17738,32,0
17739,33,0
17740,32,0
17741,33,0.08
17742,32,0
17743,33,0
17744,32,0.24
17745,33,0
17746,32,0
17747,33,0
17748,1,4.26
17749,32,0
17750,33,0
17751,32,0.36
17752,33,0
17753,1,95.58
17754,32,0.24
17755,33,0.22
17756,32,0
17757,1,57.76
17758,33,0.06
17759,1,532.06
17760,32,0.94
17761,33,0
17762,1,4.8
17763,1,2.96
17764,33,0.32
17765,32,0
17766,33,0.2
17767,32,0
17768,33,0
17769,1,2.2
17770,32,0.16
17771,33,0
17772,32,0
17773,33,0.2
17774,32,0
17775,33,0
17776,32,0
17777,33,0
17778,1,1.01
17779,32,0.1
17780,33,0.82
17781,32,0.9
17782,1,1.92
17783,33,0.2
17784,32,0
17785,1,120
17786,33,0
17787,1,1.89
17788,32,0
17789,33,0
17790,32,0
17791,1,1
17792,33,0
17793,32,0
17794,33,0
17795,32,0
17796,1,70.17
17797,33,0
17798,32,0
17799,1,73.86
17800,33,0.24
17801,32,0.5
17802,33,0.11
17803,1,1
17804,32,0
17805,33,0
17806,32,0
17807,33,0.26
17808,32,0
17809,33,0.36
17810,1,1.4
17811,32,0
17812,33,0.4
17813,32,0.1
17814,33,0.29
17815,32,0
17816,33,0.13
17817,33,0
17818,32,0.22
17819,33,0
17820,32,0.22
17821,1,61.49
17822,33,0
17823,1,44.13
17824,32,0
17825,33,0.84
17826,1,80.71
17827,32,0
17828,33,0
17829,32,0.58
17830,33,0.11
17831,1,1.08
17832,32,0.16
17833,33,0
17834,1,1.12
17835,1,1.2
17836,32,0.07
17837,1,1.6
17838,33,0.81
17839,32,0.22
17840,1,1.2
17841,33,0.1
17842,32,0.61
17843,33,0
17844,1,54.75
17845,32,0
17846,33,0
17847,32,0
17848,1,24.4
17849,1,234.67
17850,33,0
17851,32,0
17852,33,0
17853,32,0
17854,33,0
17855,32,0.14
17856,33,0
17857,32,0
17858,33,0
17859,32,0.2
17860,33,0.22
17861,32,0
17862,1,1.6
17863,33,0.35
17864,32,0
17865,33,0.22
17866,1,1350.01
17867,32,0
17868,33,0
17869,32,0.25
17870,33,0
17871,32,0
17872,33,0
17873,33,0
17874,32,0
17875,1,1.67
17876,33,0.4
17877,32,0
17878,33,0
17879,32,0.12
17880,33,0
17881,32,0.22
17882,33,0
17883,32,0
17884,33,0
17885,32,0
17886,33,0
17887,32,0.1
17888,33,0
17889,32,0
17890,33,0
17891,32,0
17892,33,0
17893,32,0
17894,33,0
17895,32,0.17
17896,33,0
17897,32,0
17898,33,0
17899,32,0
17900,33,0
17901,32,0.38
17902,33,0
17903,32,0.85
17904,1,1.12
17905,33,0
17906,1,8.64
17907,32,0
17908,1,2.24
17909,33,0
17910,32,0
17911,1,3.6
17912,33,0
17913,32,0
17914,33,0
17915,32,0
17916,33,0.18
17917,32,0.2
17918,33,0
17919,32,0
17920,33,0.96
17921,32,0
17922,33,0
17923,33,0.35
17924,32,0.3
17925,1,1.22
17926,33,0.17
17927,32,0.18
17928,33,0
17929,32,0
17930,33,0
17931,32,0.51
17932,33,0
17933,32,0
17934,33,0
17935,32,0.1
17936,33,0.4
17937,32,0
17938,33,0.18
17939,1,2.02
17940,32,0.08
17941,33,0
17942,32,0
17943,33,0.3
17944,32,0
17945,1,2.24
17946,33,0
17947,32,0
17948,33,0
17949,32,0.21
17950,33,0.48
17951,32,0.6
17952,33,0
17953,32,0.84
17954,33,0
17955,32,0.21
17956,33,0
17957,1,1.82
17958,32,0.28
17959,33,0
17960,32,0
17961,33,0
17962,32,0
17963,33,0
17964,32,0.7
17965,33,0
17966,32,0
17967,33,0
17968,32,0
17969,1,3.96
17970,33,0.57
17971,33,0
17972,32,0
17973,33,0.14
17974,32,0
17975,33,0.14
17976,1,40.42
17977,32,0
17978,33,0
17979,32,0
17980,33,0.94
17981,32,0
17982,33,0
17983,1,155.47
17984,32,0.8
17985,33,0.4
17986,32,0
17987,33,0
17988,1,427.06
17989,32,0
17990,1,3.2
17991,33,0.06
17992,32,0.81
17993,1,1.14
17994,33,0
17995,32,0
17996,33,0
17997,1,1.2
17998,32,0.56
17999,33,0
18000,1,1
18001,32,0
18002,1,4
18003,33,0
18004,32,0.35
18005,33,0
18006,32,0
18007,33,0
18008,32,0
18009,33,0
18010,32,0.18
18011,33,0
18012,32,0
18013,33,0
18014,32,0
18015,1,164.36
18016,33,0
18017,32,0.13
18018,33,0
18019,32,0
18020,1,1.2
18021,33,0
18022,32,0.86
18023,33,0
18024,33,0.14
18025,32,0
18026,33,0.3
18027,32,0
18028,33,0
18029,32,0
18030,33,0
18031,32,0
18032,33,0.43
18033,32,0
18034,33,0
18035,1,3.36
18036,32,0.28
18037,33,0
18038,32,0
18039,1,1.78
18040,1,368.41
18041,33,0
18042,32,0.18
18043,33,0
18044,32,0.7
18045,33,0.35
18046,32,0
18047,33,0.16
18048,32,0.22
18049,1,1
18050,33,0.28
18051,32,0.6
18052,1,1.6
18053,33,0
18054,32,0
18055,33,0
18056,32,0.48
18057,33,0.5
18058,1,28.73
18059,1,2.38
18060,32,0
18061,33,0.85
18062,32,0.18
18063,1,1.3
18064,33,0
18065,32,0
18066,33,0
18067,32,0.28
18068,1,779.27
18069,33,0
18070,32,0
18071,1,47.11
18072,1,243.17
18073,33,0.68
18074,32,0
18075,33,0
18076,32,0
18077,33,0.4
18078,32,0
18079,1,581.48
18080,33,0.14
18081,33,0
18082,1,30.53
18083,1,1.6
18084,1,1.04
18085,32,0
18086,33,0.17
18087,32,0.86
18088,1,2
18089,33,0
18090,32,0.25
18091,33,0
18092,32,0.18
18093,33,0
18094,32,0
18095,33,0
18096,32,0
18097,33,0
18098,32,0.58
18099,33,0
18100,32,0
18101,33,0
18102,32,0.44
18103,33,0
18104,1,2.04
18105,32,0.72
18106,33,0
18107,32,0.32
18108,1,6.8
18109,1,499.23
18110,33,0
18111,32,0
18112,33,0.06
18113,32,0
18114,1,1298.65
18115,1,127.92
18116,1,1.12
18117,1,112.97
18118,1,4.16
18119,33,0
18120,32,0.12
18121,33,0
18122,32,0
18123,33,0.22
18124,32,0.5
18125,33,0.08
18126,32,0.14
18127,33,0
18128,32,0
18129,33,0
18130,32,0
18131,1,43.39
18132,33,0
18133,32,0.6
18134,33,0.16
18135,32,0.16
18136,1,1
18137,33,0
18138,33,0.28
18139,32,0
18140,33,0
18141,1,242.21
18142,32,0
18143,33,0.48
18144,32,0.18
18145,33,0.96
18146,1,1.45
18147,32,0
18148,33,0
18149,32,0.4
18150,33,0
18151,1,122.32
18152,1,692.12
18153,32,0
18154,33,0.7
18155,1,287.2
18156,32,0
18157,33,0.13
18158,32,0
18159,1,1.76
18160,33,0.19
18161,32,0.06
18162,33,0
18163,32,0.16
18164,1,28.23
18165,1,1
18166,1,1.68
18167,33,0
18168,1,1.8
18169,32,0.22
18170,33,0
18171,32,0
18172,33,0.21
18173,32,0.24
18174,1,40.46
18175,33,0
18176,1,1
18177,32,0
18178,33,0
18179,32,0
18180,33,0
18181,32,0.13
18182,33,0.2
18183,32,0.6
18184,33,0
18185,32,0
18186,33,0.35
18187,32,0
18188,1,3.4
18189,33,0.5
18190,1,130.28
18191,1,2.56
18192,32,0
18193,33,0.06
18194,1,371.49
18195,32,0.5
18196,33,0
18197,1,5009.02
18198,32,0
18199,33,0
18200,33,0.2
18201,32,0.24
18202,1,1.28
18203,33,0
18204,1,1.6
18205,32,0.8
18206,33,0.36
18207,32,0.22
18208,33,0
18209,32,0
18210,33,0
18211,32,0
18212,33,0.2
18213,32,0
18214,1,1.81
18215,33,0.72
18216,32,0.4
18217,33,0.48
18218,1,11.2
18219,1,3.6
18220,32,0
18221,33,0.1
18222,1,69.46
18223,1,14.53
18224,32,0
18225,33,0
18226,32,0
18227,33,0.6
18228,32,0.64
18229,1,1.16
18230,1,412.12
18231,1,57.4
18232,1,34.13
18233,33,0.88
18234,1,1.26
18235,32,0
18236,33,0
18237,1,1.68
18238,32,0.12
18239,1,1.76
18240,33,0
18241,32,0
18242,1,93.18
18243,33,0
18244,32,0
18245,33,0.19
18246,32,0.08
18247,33,0
18248,32,0
18249,33,0
18250,32,0.09
18251,33,0.32
18252,32,0
18253,33,0
18254,32,0
18255,33,0
18256,32,0.3
18257,33,0.56
18258,33,0.18
18259,1,1.2
18260,32,0
18261,33,0
18262,32,0
18263,33,0
18264,32,0
18265,33,0
18266,1,3.38
18267,1,33.91
18268,32,0.96
18269,33,0
18270,32,0
18271,33,0
18272,32,0
18273,33,0.21
18274,32,0
18275,33,0
18276,1,4
18277,1,235.77
18278,32,0
18279,33,0
18280,32,0
18281,1,1.04
18282,33,0
18283,32,0
18284,33,0
18285,32,0.5
18286,33,0.5
18287,32,0
18288,1,1
18289,33,0
18290,32,0
18291,33,0
18292,32,0
18293,33,0
18294,32,0
18295,33,0.2
18296,32,0.5
18297,33,0
18298,32,0.32
18299,33,0.22
18300,32,0
18301,1,11.44
18302,33,0.14
18303,32,0
18304,33,0
18305,32,0.13
18306,33,0.13
18307,32,0
18308,33,0
18309,33,0
18310,1,1.6
18311,32,0
18312,33,0
18313,1,1.4
18314,1,602.47
18315,1,2.4
18316,32,0
18317,33,0.61
18318,1,1.76
18319,1,24.61
18320,32,0
18321,33,0
18322,32,0
18323,1,1.6
18324,1,1.06
18325,33,0.18
18326,32,0
18327,33,0
18328,1,1.6
18329,32,0.32
18330,1,1.48
18331,33,0
18332,32,0
18333,33,0
18334,32,0
18335,33,0
18336,1,4.06
18337,32,0.09
18338,33,0.2
18339,32,0.06
18340,33,0.13
18341,1,31.2
18342,32,0
18343,33,0
18344,32,0.18
18345,33,0
18346,32,0
18347,33,0.66
18348,32,0
18349,33,0
18350,32,0
18351,33,0
18352,32,0
18353,1,1.6
18354,33,0
18355,32,0
18356,33,0.84
18357,32,0
18358,33,0
18359,32,0
18360,33,0.4
18361,1,126.68
18362,1,179.16
18363,32,0.8
18364,33,0.32
18365,1,452.91
18366,32,0
18367,1,1.68
18368,33,0.32
18369,32,0.25
18370,33,0
18371,33,0.38
18372,32,0
18373,1,25.1
18374,1,1.12
18375,1,5.2
18376,33,0
18377,32,0.42
18378,33,0.56
18379,32,0
18380,1,1.19
18381,33,0.21
18382,32,0.5
18383,33,0
18384,32,0.48
18385,1,1.2
18386,33,0
18387,32,0
18388,33,0
18389,32,0.18
18390,33,0
18391,32,0
18392,1,103.5
18393,33,0
18394,32,0
18395,1,1.12
18396,33,0.11
18397,1,1.6
18398,1,73.78
18399,32,0.32
18400,33,0
18401,32,0
18402,33,0
18403,32,0
18404,33,0
18405,32,0.44
18406,33,0.72
18407,32,0.13
18408,33,0
18409,32,0
18410,1,20.72
18411,33,0.54
18412,32,0
18413,33,0.58
18414,32,0.14
18415,1,1.75
18416,33,0
18417,32,0
18418,1,1.6
18419,33,0
18420,32,0.26
18421,33,0.12
18422,32,0
18423,33,0.2
18424,1,2.8
18425,32,0.7
18426,33,0
18427,33,0.6
18428,32,0.3
18429,33,0
18430,32,0
18431,33,0.56
18432,32,0
18433,33,0
18434,32,0
18435,33,0
18436,32,0
18437,33,0.26
18438,32,0
18439,33,0.8
18440,1,2.15
18441,32,0
18442,33,0
18443,32,0.6
18444,33,0.21
18445,32,0.14
18446,33,0.24
18447,1,99.37
18448,32,0.72
18449,33,0
18450,32,0.11
18451,33,0
18452,32,0.16
18453,1,1.38
18454,33,0.88
18455,1,1.6
18456,1,133.18
18457,1,571.9
18458,32,0
18459,33,0.43
18460,32,0.94
18461,33,0
18462,32,0
18463,33,0.48
18464,32,0.14
18465,33,0.66
18466,32,0
18467,1,275.23
18468,33,0
18469,32,0
18470,33,0
18471,32,0.09
18472,33,0
18473,32,0.1
18474,1,18.91
18475,33,0.06
18476,32,0
18477,33,0.35
18478,33,0
18479,32,0
18480,33,0.24
18481,32,0
18482,33,0
18483,32,0
18484,33,0
18485,32,0
18486,33,0
18487,32,0
18488,33,0
18489,32,0
18490,33,0
18491,1,1.2
18492,32,0
18493,33,0
18494,32,0
18495,33,0.16
18496,32,0.2
18497,33,0
18498,32,0.74
18499,33,0.36
18500,1,5.71
18501,1,429.94
18502,32,0
18503,33,0
18504,32,0.18
18505,33,0
18506,32,0
18507,1,2.12
18508,33,0.2
18509,32,0
18510,33,0
18511,1,1.98
18512,32,0
18513,33,0
18514,32,0.21
18515,1,2.07
18516,33,0
18517,32,0
18518,33,0
18519,1,111.98
18520,32,0.07
18521,33,0
18522,32,0
18523,33,0.86
18524,32,0.28
18525,33,0
18526,32,0.19
18527,33,0
18528,32,0.22
18529,33,0.32
18530,33,0.56
18531,32,0
18532,33,0
18533,1,1.04
18534,32,0.16
18535,33,0
18536,32,0
18537,33,0
18538,32,0
18539,33,0
18540,32,0
18541,33,0
18542,32,0.18
18543,33,0
18544,32,0.19
18545,33,0
18546,32,0
18547,1,1.2
18548,1,2.16
18549,33,0.86
18550,32,0
18551,33,0.56
18552,32,0
18553,33,0
18554,32,0
18555,33,0.18
18556,1,1.5
18557,32,0
18558,33,0
18559,32,0
18560,33,0.6
18561,32,0.4
18562,33,0.24
18563,32,0.16
18564,33,0.1
18565,32,0
18566,1,276.15
18567,33,0
18568,32,0.96
18569,33,0
18570,32,0
18571,33,0
18572,1,1.45
18573,32,0
18574,1,2.8
18575,1,2.08
18576,33,0.2
18577,32,0
18578,33,0.96
18579,32,0
18580,33,0.1
18581,33,0.1
18582,32,0
18583,1,768.29
18584,33,0
18585,32,0
18586,33,0.18
18587,32,0.09
18588,1,1.74
18589,33,0
18590,32,0.6
18591,33,0.32
18592,32,0.5
18593,33,0.36
18594,32,0.08
18595,33,0
18596,32,0.4
18597,33,0
18598,32,0
18599,33,0.55
18600,32,0
18601,33,0
18602,32,0.14
18603,1,1.4
18604,33,0.26
18605,1,1016.91
18606,32,0
18607,1,12.57
18608,33,0
18609,1,4.89
18610,32,0.2
18611,33,0
18612,32,0
18613,33,0.24
18614,32,0
18615,1,230.13
18616,33,0
18617,32,0.19
18618,33,0
18619,32,0
18620,33,0.6
18621,1,1.39
18622,32,0.55
18623,1,2.98
18624,33,0
18625,1,185.11
18626,1,4
18627,32,0.11
18628,1,1.44
18629,33,0
18630,32,0
18631,33,0
18632,32,0
18633,33,0.13
18634,32,0.06
18635,33,0
18636,1,1.68
18637,32,0.12
18638,33,0
18639,1,4.34
18640,33,0.12
18641,32,0.08
18642,33,0
18643,32,0.4
18644,33,0
18645,32,0.16
18646,33,0.16
18647,1,21.08
18648,32,0
18649,1,2.23
18650,1,1.12
18651,33,0.56
18652,32,0
18653,1,1.92
18654,1,100.37
18655,33,0
18656,32,0.16
18657,1,169.28
18658,33,0.09
18659,1,2.32
18660,32,0.3
18661,1,105.72
18662,1,1.69
18663,33,0
18664,32,0.3
18665,1,311.44
18666,33,0.13
18667,32,0.26
18668,33,0
18669,32,0.56
18670,33,0
18671,32,0
18672,33,0
18673,32,0
18674,33,0
18675,32,0.21
18676,33,0
18677,32,0
18678,1,397.11
18679,1,1.83
18680,33,0
18681,32,0
18682,33,0
18683,1,3.24
18684,32,0.2
18685,33,0.19
18686,32,0
18687,33,0
18688,32,0.3
18689,33,0
18690,32,0.24
18691,33,0
18692,32,0
18693,33,0
18694,1,1.4
18695,32,0
18696,33,0.1
18697,33,0
18698,1,2.09
18699,1,1.4
18700,32,0
18701,33,0.18
18702,32,0.16
18703,1,2.4
18704,33,0
18705,32,0
18706,33,0
18707,32,0
18708,1,1.57
18709,1,2.4
18710,33,0.16
18711,32,0
18712,1,2.2
18713,1,2.88
18714,1,1.74
18715,1,2.72
18716,33,0
18717,32,0
18718,33,0
18719,32,0
18720,33,0.16
18721,1,199.74
18722,32,0
18723,33,0
18724,32,0
18725,1,1.6
18726,1,1.63
18727,33,0.72
18728,32,0.22
18729,1,4.36
18730,33,0
18731,32,0.24
18732,33,0
18733,32,0
18734,33,0
18735,32,0
18736,33,0.07
18737,32,0.24
18738,33,0
18739,32,0
18740,33,0
18741,32,0
18742,33,0.4
18743,1,164.35
18744,32,0
18745,1,1.07
18746,33,0.6
18747,32,0.96
18748,1,187.98
18749,33,0
18750,32,0.1
18751,33,0.07
18752,1,127.02
18753,32,0.13
18754,33,0
18755,32,0
18756,33,0
18757,33,0
18758,32,0.16
18759,33,0.08
18760,32,0
18761,33,0
18762,32,0
18763,33,0.48
18764,32,0
18765,33,0
18766,32,0
18767,33,0.4
18768,1,1.16
18769,1,37.81
18770,32,0.34
18771,1,24.28
18772,1,4.4
18773,1,3.6
18774,33,0.16
18775,32,0.6
18776,33,0
18777,32,0
18778,1,1.2
18779,33,0
18780,32,0.19
18781,33,0.31
18782,32,0.08
18783,33,0
18784,32,0
18785,33,0
18786,32,0.38
18787,33,0
18788,32,0
18789,33,0
18790,32,0
18791,33,0
18792,32,0
18793,33,0.4
18794,32,0
18795,33,0
18796,32,0
18797,1,218.34
18798,1,1
18799,33,0
18800,32,0
18801,33,0.53
18802,1,253.57
18803,32,0
18804,33,0.31
18805,32,0
18806,33,0.27
18807,32,0
18808,33,0
18809,32,0.3
18810,33,0
18811,33,0.08
18812,1,2.39
18813,1,117.79
18814,32,0
18815,33,0
18816,32,0
18817,33,0.14
18818,1,1.64
18819,32,0.6
18820,33,0
18821,32,0.64
18822,1,1.2
18823,1,1.86
18824,33,0
18825,32,0
18826,33,0
18827,32,0.4
18828,33,0
18829,1,90.29
18830,32,0
18831,33,0.1
18832,32,0.16
18833,33,0
18834,32,0.48
18835,33,0
18836,1,3.04
18837,32,0
18838,33,0.12
18839,1,1.7
18840,32,0
18841,33,0
18842,1,242.9
18843,1,9.19
18844,32,0
18845,33,0.19
18846,32,0.26
18847,33,0
18848,1,6.72
18849,32,0
18850,33,0
18851,32,0.2
18852,1,1.12
18853,33,0
18854,32,0
18855,1,1.24
18856,1,676.07
18857,33,0.16
18858,32,0.85
18859,33,0.6
18860,32,0
18861,33,0.2
18862,32,0.17
18863,33,0
18864,32,0.1
18865,33,0.06
18866,32,0
18867,1,351.86
18868,1,1.4
18869,33,0
18870,1,1.6
18871,33,0
18872,1,63.18
18873,1,928.5
18874,1,19.13
18875,32,0
18876,33,0
18877,32,0
18878,33,0
18879,32,0
18880,33,0
18881,32,0
18882,33,0.32
18883,32,0
18884,1,1.42
18885,33,0
18886,32,0.5
18887,33,0.16
18888,32,0
18889,33,0.14
18890,32,0
18891,1,11.31
18892,33,0
18893,32,0
18894,33,0
18895,1,11.07
18896,32,0
18897,33,0
18898,32,0.18
18899,33,0
18900,32,0
18901,33,0
18902,32,0.13
18903,1,1
18904,33,0.64
18905,32,0
18906,1,2.08
18907,1,1.02
18908,1,1
18909,33,0.22
18910,32,0
18911,33,0
18912,32,0.32
18913,33,0
18914,32,0.17
18915,33,0
18916,1,0.98
18917,32,0
18918,33,0.12
18919,1,1.28
18920,32,0.2
18921,1,4.9
18922,33,0.08
18923,32,0.62
18924,33,0.24
18925,32,0
18926,1,1.08
18927,33,0.96
18928,33,0
18929,32,0
18930,33,0
18931,32,0
18932,33,0.16
18933,32,0
18934,33,0
18935,32,0
18936,1,1.5
18937,33,0.16
18938,32,0
18939,1,18.22
18940,33,0
18941,1,1.2
18942,1,61.99
18943,32,0.54
18944,33,0
18945,32,0.48
18946,33,0
18947,32,0.08
18948,1,1.08
18949,33,0
18950,1,233.14
18951,32,0
18952,33,0
18953,32,0
18954,33,0
18955,1,1.3
18956,32,0
18957,33,0
18958,32,0
18959,1,2.16
18960,33,0.25
18961,32,0
18962,33,0.96
18963,1,1.25
18964,32,0
18965,33,0.32
18966,32,0
18967,33,0.16
18968,32,0.19
18969,33,0
18970,32,0
18971,1,2
18972,1,1.28
18973,33,0
18974,1,205.24
18975,32,0
18976,33,0.87
18977,32,0
18978,1,1.12
18979,33,0
18980,1,1.2
18981,1,2
18982,32,0
18983,33,0
18984,32,0
18985,1,1.56
18986,33,0
18987,1,1.6
18988,1,48.52
18989,32,0
18990,33,0
18991,33,0.43
18992,32,0
18993,33,0
18994,32,0
18995,33,0
18996,32,0
18997,33,0.41
18998,32,0
18999,33,0
19000,32,0
19001,33,0.91
19002,32,0.8
19003,33,0
19004,1,5.2
19005,32,0.32
19006,33,0
19007,32,0
19008,33,0.08
19009,1,1.68
19010,32,0
19011,33,0
19012,32,0
19013,33,0.22
19014,1,273.71
19015,32,0
19016,33,0
19017,32,0
19018,33,0.13
19019,32,0.25
19020,1,93.32
19021,33,0
19022,1,1.42
19023,32,0
19024,33,0.78
19025,32,0
19026,1,897.53
19027,1,81.64
19028,33,0
19029,32,0.13
19030,33,0.09
19031,32,0.96
19032,33,0.93
19033,32,0.6
19034,1,1.2
19035,1,1.68
19036,33,0
19037,32,0
19038,33,0.25
19039,32,0.12
19040,33,0
19041,32,0
19042,33,0
19043,33,0
19044,32,0.18
19045,1,2.4
19046,33,0
19047,32,0
19048,1,258.83
19049,1,1.06
19050,33,0.25
19051,32,0.06
19052,1,2.1
19053,33,0
19054,32,0
19055,1,5.76
19056,33,0
19057,32,0.73
19058,1,1.6
19059,33,0.48
19060,32,0.1
19061,1,1.62
19062,33,0
19063,32,0.9
19064,1,1.25
19065,33,0
19066,32,0
19067,33,0
19068,1,10.4
19069,32,0.96
19070,33,0
19071,1,1.6
19072,32,0
19073,33,0
19074,32,0
19075,33,0.16
19076,32,0
19077,33,0.35
19078,32,0.64
19079,33,0.19
19080,1,1.12
19081,32,0.53
19082,33,0
19083,32,0.4
19084,33,0
19085,32,0.43
19086,33,0.24
19087,32,0
19088,33,0
19089,32,0.65
19090,1,599.17
19091,33,0.46
19092,32,0
19093,33,0.32
19094,32,0
19095,33,0
19096,32,0.32
19097,33,0.84
19098,1,439.54
19099,32,0
19100,33,0.45
19101,33,0
19102,32,0
19103,33,0
19104,32,0
19105,33,0.56
19106,32,0
19107,33,0.48
19108,32,0
19109,33,0.96
19110,32,0
19111,33,0
19112,32,0
19113,33,0.06
19114,32,0
19115,33,0.58
19116,32,0.08
19117,33,0
19118,32,0
19119,33,0
19120,32,0
19121,33,0.4
19122,1,3.1
19123,32,0.7
19124,33,0
19125,32,0
19126,33,0.5
19127,1,35.64
19128,32,0
19129,33,0.16
19130,32,0
19131,33,0
19132,32,0
19133,33,0
19134,32,0
19135,1,1.28
19136,33,0.2
19137,32,0
19138,33,0
19139,32,0
19140,33,0
19141,1,2
19142,32,0
19143,33,0.48
19144,1,2.56
19145,32,0
19146,1,1.7
19147,33,0
19148,32,0
19149,1,1.68
19150,33,0.22
19151,1,4.95
19152,33,0
19153,32,0
19154,33,0
19155,32,0
19156,33,0.16
19157,1,9.36
19158,32,0.1
19159,33,0
19160,32,0.2
19161,33,0.18
19162,32,0
19163,33,0.26
19164,1,44.67
19165,32,0.5
19166,1,1.92
19167,33,0
19168,32,0
19169,1,308.35
19170,33,0
19171,32,0
19172,1,19.7
19173,33,0
19174,32,0
19175,1,442.85
19176,33,0.06
19177,32,0.14
19178,1,232.79
19179,33,0.19
19180,1,1.26
19181,32,0
19182,33,0
19183,32,0
19184,33,0.24
19185,32,0
19186,1,766.26
19187,1,1134.72
19188,33,0
19189,1,101
19190,32,0
19191,1,1
19192,33,0
19193,32,0
19194,33,0.61
19195,1,4
19196,32,0.18
19197,33,0.16
19198,32,0
19199,33,0.16
19200,1,5.78
19201,32,0.22
19202,33,0
19203,32,0.26
19204,1,1.28
19205,1,5.46
19206,33,0
19207,1,2.4
19208,32,0.13
19209,1,27.92
19210,1,4.68
19211,33,0
19212,1,98.33
19213,1,194.64
19214,1,1.92
19215,32,0
19216,33,0.38
19217,1,51.15
19218,33,0.8
19219,32,0
19220,33,0
19221,32,0
19222,33,0.16
19223,32,0
19224,33,0
19225,1,12.48
19226,1,0.98
19227,32,0.88
19228,33,0.92
19229,32,0
19230,1,448.31
19231,33,0.4
19232,32,0
19233,33,0.22
19234,32,0.16
19235,33,0
19236,32,0
19237,1,869.53
19238,1,72.79
19239,33,0
19240,32,0
19241,33,0
19242,32,0
19243,33,0
19244,1,4.03
19245,32,0
19246,33,0
19247,32,0
19248,33,0
19249,32,0
19250,33,0.2
19251,32,0.18
19252,1,348.03
19253,33,0
19254,32,0.22
19255,1,1.6
19256,1,1.27
19257,1,3.6
19258,33,0.59
19259,1,1.76
19260,32,0.48
19261,33,0
19262,32,0.08
19263,33,0
19264,32,0
19265,33,0
19266,32,0
19267,33,0.19
19268,32,0
19269,1,13.73
19270,1,517.72
19271,1,45.72
19272,1,44.77
19273,33,0.64
19274,32,0
19275,33,0
19276,32,0.12
19277,33,0.4
19278,1,1.03
19279,33,0
19280,32,0
19281,33,0.28
19282,1,4.73
19283,32,0
19284,33,0.38
19285,32,0.1
19286,33,0
19287,32,0
19288,33,0
19289,32,0
19290,33,0.75
19291,1,3.12
19292,32,0.26
19293,33,0.36
19294,32,0
19295,33,0.19
19296,32,0
19297,1,309.51
19298,33,0
19299,32,0.6
19300,33,0
19301,1,1.33
19302,32,0.4
19303,33,0
19304,32,0
19305,33,0
19306,32,0.24
19307,33,0
19308,32,0
19309,33,0
19310,32,0.26
19311,33,0
19312,32,0
19313,33,0
19314,32,0.13
19315,33,0
19316,32,0
19317,33,0
19318,32,0
19319,33,0.06
19320,32,0
19321,33,0
19322,32,0
19323,33,0
19324,32,0.19
19325,33,0
19326,33,0.64
19327,32,0
19328,33,0.68
19329,32,0
19330,33,0
19331,32,0.32
19332,33,0.22
19333,32,0
19334,1,3
19335,33,0
19336,32,0
19337,33,0
19338,32,0.14
19339,33,0
19340,32,0.96
19341,1,16.8
19342,33,0
19343,1,1055.51
19344,32,0.14
19345,33,0.48
19346,32,0
19347,33,0.7
19348,1,72.87
19349,1,1333.68
19350,1,4.58
19351,1,2
19352,32,0
19353,33,0
19354,32,0.29
19355,1,1.12
19356,33,0
19357,1,2.8
19358,32,0.13
19359,33,0.12
19360,32,0
19361,33,0
19362,32,0
19363,1,1
19364,33,0
19365,32,0
19366,33,0
19367,32,0
19368,1,591.84
19369,1,2.62
19370,33,0
19371,32,0.22
19372,33,0
19373,1,2.91
19374,32,0.6
19375,33,0.06
19376,32,0.08
19377,33,0.64
19378,32,0.32
19379,33,0
19380,1,1.35
19381,32,0
19382,33,0
19383,33,0
19384,32,0
19385,1,1.68
19386,1,3.65
19387,33,0
19388,32,0.06
19389,33,0
19390,32,0
19391,33,0
19392,1,1.27
19393,32,0.72
19394,33,0.46
19395,32,0.32
19396,1,516.84
19397,33,0
19398,32,0
19399,33,0
19400,1,2.56
19401,32,0
19402,1,936.67
19403,33,0.42
19404,32,0
19405,33,0
19406,32,0.22
19407,1,26.83
19408,33,0.19
19409,32,0
19410,1,179.66
19411,33,0
19412,32,0.14
19413,33,0
19414,32,0
19415,33,0.14
19416,32,0
19417,33,0.16
19418,32,0.1
19419,33,0
19420,1,2
19421,32,0
19422,33,0.67
19423,32,0
19424,1,1.38
19425,33,0
19426,32,0
19427,33,0
19428,32,0
19429,1,4.62
19430,33,0
19431,32,0
19432,33,0.2
19433,32,0.34
19434,33,0.64
19435,32,0
19436,33,0
19437,32,0
19438,33,0.38
19439,33,0
19440,1,1.02
19441,32,0.56
19442,33,0
19443,1,1.4
19444,32,0
19445,33,0.4
19446,32,0
19447,1,123.49
19448,33,0
19449,32,0.52
19450,1,1.52
19451,33,0
19452,32,0.61
19453,33,0
19454,32,0
19455,33,0.22
19456,32,0.38
19457,1,28.54
19458,33,0
19459,32,0
19460,33,0
19461,1,101.24
19462,1,518.22
19463,32,0
19464,33,0
19465,32,0.48
19466,33,0
19467,32,0.06
19468,33,0.13
19469,32,0
19470,1,1.92
19471,33,0.34
19472,32,0.32
19473,33,0.5
19474,32,0
19475,33,0.16
19476,32,0.18
19477,33,0
19478,32,0
19479,1,1.56
19480,33,0
19481,1,99.06
19482,1,2.1
19483,1,356.52
19484,32,0.08
19485,33,0
19486,1,156.88
19487,32,0.8
19488,33,0
19489,32,0
19490,33,0
19491,1,1.86
19492,32,0
19493,33,0.82
19494,32,0.1
19495,33,0
19496,33,0.18
19497,32,0
19498,33,0
19499,32,0
19500,33,0
19501,1,2.24
19502,1,60.26
19503,32,0
19504,33,0
19505,32,0
19506,33,0
19507,32,0
19508,33,0
19509,32,0
19510,33,0
19511,32,0
19512,1,1
19513,33,0
19514,32,0.8
19515,1,1
19516,33,0.1
19517,1,1.2
19518,1,1.94
19519,32,0.14
19520,33,0
19521,32,0.08
19522,33,0
19523,32,0
19524,33,0
19525,32,0
19526,33,0.32
19527,1,3.04
19528,1,93.5
19529,32,0.5
19530,1,2.08
19531,33,0
19532,32,0.1
19533,1,653.68
19534,33,0
19535,32,0
19536,1,1.96
19537,1,82.76
19538,33,0
19539,32,0
19540,33,0
19541,32,0
19542,33,0
19543,1,32.66
19544,32,0
19545,33,0.25
19546,32,0
19547,1,208.44
19548,33,0
19549,32,0
19550,33,0
19551,32,0
19552,33,0
19553,33,0
19554,32,0
19555,33,0
19556,1,1.1
19557,32,0.26
19558,1,1.72
19559,33,0.83
19560,32,0.3
19561,33,0
19562,32,0
19563,33,0
19564,32,0
19565,1,35.63
19566,33,0
19567,32,0
19568,33,0.13
19569,1,40.83
19570,32,0.4
19571,1,1.12
19572,33,0
19573,32,0.14
19574,1,5.28
19575,33,0.77
19576,32,0.12
19577,1,473.83
19578,1,4.2
19579,33,0
19580,32,0
19581,33,0.53
19582,32,0
19583,33,0
19584,32,0
19585,33,0.86
19586,32,0
19587,33,0.13
19588,32,0
19589,33,0
19590,1,58.81
19591,32,0.18
19592,1,183.07
19593,33,0
19594,1,54.55
19595,32,0
19596,33,0
19597,32,0.07
19598,33,0.08
19599,1,204.89
19600,32,0.72
19601,33,0
19602,32,0.24
19603,33,0.2
19604,32,0
19605,33,0.6
19606,32,0
19607,33,0
19608,1,4
19609,1,130.64
19610,32,0
19611,33,0
19612,33,0
19613,1,3.2
19614,32,0
19615,33,0.22
19616,1,845.75
19617,32,0
19618,1,2.66
19619,33,0.58
19620,32,0
19621,33,0.12
19622,1,1.4
19623,32,0
19624,1,640.01
19625,33,0
19626,32,0.38
19627,33,0
19628,1,12.32
19629,32,0.08
19630,33,0
19631,32,0.08
19632,33,0
19633,1,2.29
19634,1,4.7
19635,32,0
19636,33,0
19637,32,0.64
19638,1,388.13
19639,33,0.24
19640,32,0
19641,33,0.29
19642,32,0
19643,1,101.45
19644,33,0
19645,1,237.25
19646,1,2.88
19647,32,0
19648,33,0
19649,32,0
19650,33,0.3
19651,1,3.84
19652,1,2.11
19653,32,0.6
19654,33,0
19655,1,158.89
19656,1,120.87
19657,32,0
19658,1,1
19659,33,0.36
19660,32,0
19661,33,0.06
19662,32,0
19663,33,0
19664,32,0.38
19665,33,0
19666,1,25.39
19667,32,0
19668,33,0.56
19669,32,0
19670,33,0
19671,32,0
19672,33,0
19673,1,1.6
19674,1,68.91
19675,33,0.22
19676,32,0.8
19677,33,0
19678,1,1.32
19679,32,0
19680,33,0.32
19681,32,0
19682,33,0.29
19683,32,0.22
19684,33,0.09
19685,1,7.34
19686,32,0
19687,33,0
19688,32,0.1
19689,33,0
19690,32,0
19691,1,2.8
19692,33,0.2
19693,32,0.12
19694,33,0
19695,1,141.52
19696,32,0.12
19697,33,0
19698,32,0.6
19699,33,0.18
19700,1,270.54
19701,32,0
19702,33,0.84
19703,32,0
19704,33,0.14
19705,32,0
19706,33,0.4
19707,32,0
19708,33,0
19709,32,0.83
19710,33,0
19711,32,0
19712,33,0
19713,32,0
19714,33,0.31
19715,1,2.4
19716,32,0.24
19717,1,7.84
19718,33,0
19719,32,0.8
19720,33,0
19721,1,1.92
19722,32,0
19723,33,0.34
19724,32,0.34
19725,1,5.74
19726,1,353.95
19727,33,0.38
19728,32,0.1
19729,1,27.43
19730,33,0
19731,33,0.22
19732,32,0
19733,33,0
19734,32,0.29
19735,33,0
19736,32,0
19737,33,0.07
19738,1,19.77
19739,32,0
19740,33,0.36
19741,32,0.35
19742,33,0
19743,1,1
19744,32,0.09
19745,33,0.46
19746,32,0
19747,1,1.24
19748,33,0
19749,1,2.88
19750,1,2
19751,32,0
19752,33,0.38
19753,32,0.24
19754,1,952.3
19755,33,0
19756,1,64.11
19757,32,0
19758,33,0.24
19759,32,0
19760,33,0.28
19761,32,0
19762,33,0.12
19763,32,0.19
19764,33,0.13
19765,32,0.4
19766,1,1.6
19767,33,0
19768,32,0
19769,33,0.26
19770,32,0
19771,33,0.16
19772,1,1058.46
19773,32,0
19774,33,0
19775,32,0
19776,1,977.77
19777,33,0
19778,32,0
19779,33,0
19780,32,0
19781,33,0
19782,32,0
19783,33,0.22
19784,33,0
19785,1,738.28
19786,1,58.41
19787,32,0
19788,33,0.25
19789,32,0
19790,33,0
19791,32,0.08
19792,1,2.88
19793,33,0
19794,32,0
19795,33,0
19796,32,0
19797,33,0.19
19798,1,2.15
19799,32,0.06
19800,33,0
19801,32,0
19802,33,0
19803,32,0
19804,33,0.42
19805,32,0
19806,33,0
19807,32,0
19808,33,0.33
19809,1,1
19810,32,0
19811,33,0
19812,1,5.06
19813,32,0
19814,33,0
19815,32,0
19816,1,3.2
19817,1,1.4
19818,1,1.12
19819,33,0
19820,32,0.1
19821,33,0.96
19822,32,0
19823,33,0
19824,32,0
19825,33,0.4
19826,32,0
19827,33,0
19828,1,0.98
19829,32,0.56
19830,1,2.8
19831,33,0
19832,1,1.4
19833,32,0
19834,1,551.17
19835,33,0
19836,32,0
19837,33,0.14
19838,1,2.51
19839,1,29.58
19840,1,49.39
19841,32,0
19842,1,1.11
19843,33,0.26
19844,33,0
19845,32,0.5
19846,33,0
19847,32,0.18
19848,33,0
19849,1,3
19850,32,0
19851,1,175.38
19852,33,0.14
19853,1,271.51
19854,32,0
19855,1,63.9
19856,33,0.36
19857,32,0.52
19858,1,3.06
19859,33,0
19860,32,0.42
19861,33,0
19862,32,0.6
19863,1,1.4
19864,33,0.25
19865,32,0
19866,33,0
19867,32,0
19868,1,363.84
19869,33,0.86
19870,32,0
19871,1,422.91
19872,1,2.92
19873,1,1.41
19874,33,0
19875,1,1.92
19876,32,0.48
19877,1,842.26
19878,33,0
19879,1,1
19880,1,1.28
19881,32,0
19882,1,3.84
19883,33,0
19884,32,0.07
19885,33,0.07
19886,32,0
19887,33,0
19888,32,0.7
19889,33,0
19890,32,0.61
19891,33,0
19892,1,1.12
19893,1,1648.77
19894,32,0
19895,33,0
19896,32,0
19897,33,0
19898,1,1.15
19899,32,0
19900,1,1.2
19901,1,1.68
19902,33,0
19903,32,0
19904,1,13.44
19905,33,0.34
19906,32,0
19907,33,0.4
19908,32,0.32
19909,33,0.08
19910,33,0.29
19911,32,0.27
19912,33,0.72
19913,1,1.2
19914,32,0
19915,1,602.79
19916,33,0
19917,32,0
19918,33,0
19919,32,0
19920,33,0.24
19921,32,0
19922,33,0.12
19923,32,0
19924,1,124.42
19925,33,0.14
19926,32,0
19927,33,0.84
19928,1,5.76
19929,1,1.4
19930,32,0
19931,33,0.93
19932,32,0
19933,1,14.88
19934,33,0.4
19935,32,0
19936,33,0.4
19937,32,0.08
19938,1,1.28
19939,33,0.32
19940,1,1.04
19941,1,152.98
19942,32,0
19943,1,94.49
19944,1,1.45
19945,33,0.54
19946,32,0.37
19947,33,0
19948,1,2.8
19949,32,0
19950,33,0.69
19951,1,2.72
19952,32,0
19953,33,0.08
19954,32,0
19955,33,0
19956,1,1.6
19957,1,4.9
19958,32,0.3
19959,1,333.38
19960,1,1.2
19961,33,0
19962,32,0.87
19963,33,0.06
19964,1,2
19965,32,0
19966,33,0
19967,32,0
19968,33,0
19969,32,0.4
19970,33,0
19971,33,0
19972,32,0
19973,33,0
19974,32,0.5
19975,33,0
19976,32,0.28
19977,33,0.08
19978,32,0
19979,33,0.16
19980,32,0
19981,33,0
19982,32,0.27
19983,33,0
19984,32,0.22
19985,33,0
19986,32,0.72
19987,33,0.36
19988,32,0
19989,33,0.66
19990,32,0.24
19991,33,0
19992,32,0.14
19993,1,1
19994,1,2.64
19995,33,0
19996,32,0.14
19997,33,0
19998,32,0
19999,33,0
20000,32,0
